account_id,timestamp,age_range,gender,device,privacy_concern
1,2025-02-24 21:56:28.576,18-25,female,phone,somewhat concerned
2,2025-02-24 21:59:02.337,below 18,female,others,somewhat concerned
3,2025-02-24 21:59:55.951,below 18,female,phone,very concerned
4,2025-02-24 22:05:08.478,below 18,female,phone,very concerned
5,2025-02-24 22:07:51.269,45 and above,male,"computer, television, phone",very concerned
6,2025-02-24 22:08:53.121,18-25,male,computer,somewhat concerned
7,2025-02-24 22:09:59.362,below 18,female,phone,not concerned
8,2025-02-24 22:15:02.521,45 and above,female,"television, phone",somewhat concerned
9,2025-02-24 22:32:47.710,below 18,female,"computer, phone",not concerned
10,2025-02-24 22:43:53.453,26-44,female,phone,very concerned
11,2025-02-24 22:51:38.921,18-25,female,phone,very concerned
12,2025-02-24 23:18:22.998,26-44,male,"computer, television, phone",very concerned
13,2025-02-25 09:50:45.527,26-44,female,"television, phone",very concerned
14,2025-03-03 08:45:41.315,45 and above,female,television,somewhat concerned
15,2025-03-03 08:48:48.119,below 18,female,computer,very concerned
16,2025-03-03 08:49:13.431,18-25,female,television,very concerned
17,2025-03-03 08:49:26.281,26-44,male,"computer, television, phone",very concerned
18,2025-03-03 08:49:41.906,26-44,male,tab,somewhat concerned
19,2025-03-03 08:49:58.784,18-25,male,phone,somewhat concerned
20,2025-03-03 08:50:50.348,18-25,female,computer,somewhat concerned
21,2025-03-03 08:51:20.922,18-25,male,tab,somewhat concerned
22,2025-03-03 08:52:01.555,18-25,female,others,very concerned
23,2025-03-03 08:52:12.128,18-25,female,"television, tab",somewhat concerned
24,2025-03-03 08:52:38.697,18-25,female,television,somewhat concerned
25,2025-03-03 08:56:14.018,18-25,female,television,somewhat concerned
26,2025-03-03 08:56:39.711,18-25,male,tab,very concerned
27,2025-03-03 08:56:40.073,26-44,male,"phone, tab",somewhat concerned
28,2025-03-03 08:57:20.510,26-44,male,"computer, television, phone",very concerned
29,2025-03-03 08:57:21.941,18-25,male,phone,somewhat concerned
30,2025-03-03 08:57:51.470,below 18,female,"computer, television, tab",somewhat concerned
31,2025-03-03 08:58:01.996,18-25,female,television,somewhat concerned
32,2025-03-03 08:58:14.628,18-25,male,"computer, television, phone",somewhat concerned
33,2025-03-03 08:58:30.940,45 and above,male,phone,very concerned
34,2025-03-03 08:58:38.670,26-44,male,tab,somewhat concerned
35,2025-03-03 08:58:50.786,below 18,male,others,not concerned
36,2025-03-03 08:59:31.643,below 18,male,"television, tab",somewhat concerned
37,2025-03-03 09:00:02.262,18-25,female,television,somewhat concerned
38,2025-03-03 09:00:30.701,18-25,female,"computer, phone, tab",somewhat concerned
39,2025-03-03 09:44:00.700,45 and above,male,phone,somewhat concerned
40,2025-03-03 09:44:48.927,18-25,female,others,very concerned
41,2025-03-03 09:46:03.498,26-44,female,television,very concerned
42,2025-03-03 09:47:12.240,below 18,male,tab,somewhat concerned
43,2025-03-03 09:48:06.116,45 and above,female,"phone, tab",somewhat concerned
44,2025-03-03 09:51:14.856,18-25,male,"television, phone",somewhat concerned
45,2025-03-03 09:51:47.462,26-44,male,"television, tab",very concerned
46,2025-03-03 12:45:00.173,18-25,female,"television, phone, tab",somewhat concerned
47,2025-03-03 13:28:12.973,18-25,female,"computer, phone",very concerned
48,2025-03-03 20:46:59.681,below 18,female,phone,somewhat concerned
49,2025-03-03 20:48:37.593,18-25,female,"computer, television, phone, tab",somewhat concerned
50,2025-03-03 20:50:04.995,18-25,female,"computer, phone, tab",somewhat concerned
51,2025-03-03 20:51:49.303,18-25,female,"television, phone",somewhat concerned
52,2025-03-03 20:52:47.436,18-25,male,television,very concerned
53,2025-03-03 20:53:27.330,18-25,female,phone,somewhat concerned
54,2025-03-03 20:53:50.447,26-44,male,"computer, television",somewhat concerned
55,2025-03-03 20:57:29.829,18-25,male,"computer, television, phone, tab",very concerned
56,2025-03-03 20:59:08.760,18-25,female,"computer, phone",somewhat concerned
57,2025-03-03 21:06:03.625,18-25,female,"phone, tab",very concerned
58,2025-03-03 21:08:48.267,45 and above,male,"computer, phone",somewhat concerned
59,2025-03-03 21:10:22.827,below 18,female,"computer, phone, tab",not concerned
60,2025-03-03 21:11:49.924,26-44,female,phone,somewhat concerned
61,2025-03-03 21:12:08.708,below 18,female,television,very concerned
62,2025-03-03 21:13:25.323,18-25,male,"computer, phone, tab",somewhat concerned
63,2025-03-03 21:15:36.441,45 and above,female,"television, phone",not concerned
64,2025-03-03 21:37:15.154,26-44,male,"computer, phone",very concerned
65,2025-03-03 21:38:09.411,26-44,female,"computer, television, phone, tab",very concerned
66,2025-03-03 21:38:22.299,45 and above,female,"television, phone, others",somewhat concerned
67,2025-03-03 21:38:38.468,45 and above,male,"phone, tab",very concerned
68,2025-03-03 21:38:59.364,18-25,male,television,somewhat concerned
69,2025-03-03 21:39:29.816,26-44,male,phone,very concerned
70,2025-03-03 21:39:59.554,below 18,female,"computer, television, phone, tab",not concerned
71,2025-03-03 21:40:09.094,below 18,male,"phone, tab",somewhat concerned
72,2025-03-03 21:40:31.899,26-44,female,"television, phone, tab",very concerned
73,2025-03-03 21:41:01.012,26-44,female,phone,somewhat concerned
74,2025-03-03 21:41:19.910,18-25,male,"television, phone, tab",very concerned
75,2025-03-03 21:41:25.466,18-25,female,"phone, tab",very concerned
76,2025-03-03 21:41:34.467,below 18,male,"television, tab",somewhat concerned
77,2025-03-03 21:41:59.966,below 18,male,"computer, television, phone, tab, others",somewhat concerned
78,2025-03-03 21:42:05.906,26-44,female,"computer, television, tab, others",somewhat concerned
79,2025-03-03 21:42:17.835,26-44,male,"computer, phone",very concerned
80,2025-03-03 21:42:42.820,26-44,male,"computer, television, tab",somewhat concerned
81,2025-03-03 21:42:56.482,45 and above,female,"computer, television, phone, tab, others",very concerned
82,2025-03-03 21:43:13.373,26-44,male,"computer, tab, others",somewhat concerned
83,2025-03-03 21:43:46.294,26-44,female,"television, phone, others",somewhat concerned
84,2025-03-03 21:45:37.630,below 18,female,"phone, tab",somewhat concerned
85,2025-03-03 21:46:04.601,26-44,prefer not to say,"computer, television, phone, tab, others",somewhat concerned
86,2025-03-03 21:46:49.086,45 and above,female,"television, phone",very concerned
87,2025-03-03 21:48:09.256,26-44,male,"computer, television, phone",very concerned
88,2025-03-03 21:49:02.584,18-25,male,"phone, tab",somewhat concerned
89,2025-03-03 21:49:08.814,18-25,prefer not to say,"computer, television, phone, tab, others",very concerned
90,2025-03-03 21:49:25.578,18-25,male,"computer, television, tab, others",very concerned
91,2025-03-03 21:49:32.217,26-44,female,"computer, television, phone, tab, others",somewhat concerned
92,2025-03-03 21:49:55.603,26-44,female,"phone, tab",very concerned
93,2025-03-03 21:50:45.768,26-44,female,"computer, television, others",somewhat concerned
94,2025-03-03 21:51:01.513,below 18,male,"phone, tab",somewhat concerned
95,2025-03-03 21:51:32.531,18-25,male,"computer, phone, others",somewhat concerned
96,2025-03-03 21:52:10.787,18-25,female,"computer, television, tab",somewhat concerned
97,2025-03-03 21:52:16.524,below 18,male,"phone, tab",very concerned
98,2025-03-03 21:52:26.425,26-44,male,"computer, phone",very concerned
99,2025-03-03 21:52:30.178,45 and above,prefer not to say,"phone, tab",somewhat concerned
100,2025-03-03 21:52:46.143,below 18,female,"computer, television, phone, others",very concerned
101,2025-03-03 21:54:04.621,26-44,female,"computer, television, others",somewhat concerned
102,2025-03-03 21:54:46.374,26-44,male,"television, phone, tab",somewhat concerned
103,2025-03-03 21:54:49.410,18-25,female,"television, phone",very concerned
104,2025-03-03 21:55:32.705,18-25,female,"computer, television, phone, tab",somewhat concerned
105,2025-03-03 21:56:02.632,26-44,male,"television, tab",somewhat concerned
106,2025-03-03 21:56:04.134,18-25,male,tab,not concerned
107,2025-03-03 21:56:59.651,18-25,female,television,somewhat concerned
108,2025-03-03 21:57:17.371,45 and above,female,"phone, tab",somewhat concerned
109,2025-03-03 21:57:17.546,45 and above,male,"television, phone, tab",not concerned
110,2025-03-03 21:57:39.092,26-44,male,"computer, television, phone, tab",somewhat concerned
111,2025-03-03 21:58:16.120,18-25,female,"computer, phone",somewhat concerned
112,2025-03-03 21:58:33.543,18-25,male,"television, phone",somewhat concerned
113,2025-03-03 21:58:58.571,below 18,female,phone,somewhat concerned
114,2025-03-03 21:59:36.517,18-25,male,"computer, phone, others",very concerned
115,2025-03-03 22:00:09.227,26-44,male,"computer, television, phone, tab",somewhat concerned
116,2025-03-03 22:00:09.303,18-25,prefer not to say,"computer, television, phone",somewhat concerned
117,2025-03-03 22:00:17.097,26-44,male,"computer, television, phone, others",somewhat concerned
118,2025-03-03 22:00:57.518,18-25,male,"computer, phone, others",not concerned
119,2025-03-03 22:01:45.547,below 18,male,"computer, phone",very concerned
120,2025-03-03 22:01:46.515,26-44,prefer not to say,"phone, tab",somewhat concerned
121,2025-03-03 22:02:28.412,18-25,female,"television, phone, tab",somewhat concerned
122,2025-03-03 22:02:57.608,45 and above,prefer not to say,"computer, television, phone, tab",somewhat concerned
123,2025-03-03 22:03:15.796,18-25,female,"television, phone",somewhat concerned
124,2025-03-03 22:03:15.749,26-44,prefer not to say,"phone, tab",not concerned
125,2025-03-03 22:03:36.052,45 and above,female,phone,somewhat concerned
126,2025-03-03 22:04:26.129,18-25,male,"television, phone",somewhat concerned
127,2025-03-03 22:04:26.165,18-25,male,"television, phone",not concerned
128,2025-03-03 22:04:45.127,below 18,female,phone,somewhat concerned
129,2025-03-03 22:07:34.125,18-25,male,"computer, television, tab",somewhat concerned
130,2025-03-03 22:07:40.215,26-44,male,"phone, tab",somewhat concerned
131,2025-03-04 07:22:19.975,26-44,female,"computer, television, phone",very concerned
132,2025-03-04 07:54:09.815,26-44,male,"computer, television, phone",somewhat concerned
133,2025-03-04 08:02:14.736,26-44,male,"computer, television, phone, tab, others",somewhat concerned
134,2025-03-04 08:41:49.570,18-25,female,"television, phone, tab",somewhat concerned
135,2025-03-04 08:50:07.898,26-44,female,phone,very concerned
136,2025-03-04 20:28:34.267,45 and above,female,"computer, television, phone, tab, others",very concerned
137,2025-03-10 08:10:50.607,26-44,female,"television, phone, others",very concerned
138,2025-03-10 08:11:35.546,26-44,male,"phone, others",somewhat concerned
139,2025-03-10 08:12:12.429,18-25,female,television,somewhat concerned
140,2025-03-10 08:12:50.656,45 and above,male,"phone, others",somewhat concerned
141,2025-03-10 08:24:22.451,45 and above,female,"computer, phone, tab",somewhat concerned
142,2025-03-10 08:25:09.796,18-25,male,"television, tab",somewhat concerned
143,2025-03-10 08:25:51.161,18-25,male,"television, tab",somewhat concerned
144,2025-03-10 08:26:27.627,18-25,female,"computer, television, phone, tab",somewhat concerned
145,2025-03-10 08:27:00.573,26-44,female,"computer, television, tab",somewhat concerned
146,2025-03-10 08:27:31.863,26-44,female,"computer, phone, others",somewhat concerned
147,2025-03-10 08:28:41.751,18-25,male,"computer, television, phone",somewhat concerned
148,2025-03-10 08:29:21.301,18-25,male,"computer, phone, tab",not concerned
149,2025-03-10 08:29:48.380,below 18,female,"computer, phone, others",somewhat concerned
150,2025-03-10 08:30:25.447,26-44,male,"computer, television, tab",somewhat concerned
151,2025-03-10 08:30:59.412,18-25,female,tab,somewhat concerned
152,2025-03-10 08:32:55.221,18-25,female,"computer, phone, others",somewhat concerned
153,2025-03-10 08:35:54.045,18-25,female,television,somewhat concerned
154,2025-03-10 08:39:27.373,18-25,female,television,somewhat concerned
155,2025-03-10 08:40:25.990,18-25,female,phone,somewhat concerned
156,2025-03-10 08:41:12.804,18-25,male,phone,somewhat concerned
157,2025-03-10 08:41:16.203,26-44,female,computer,somewhat concerned
158,2025-03-10 08:41:43.850,45 and above,female,"television, tab",somewhat concerned
159,2025-03-10 08:41:44.602,45 and above,male,phone,somewhat concerned
160,2025-03-10 08:42:11.224,45 and above,male,television,somewhat concerned
161,2025-03-10 08:42:20.009,26-44,male,"television, tab",somewhat concerned
162,2025-03-10 08:42:39.464,below 18,male,television,somewhat concerned
163,2025-03-10 08:42:49.832,26-44,female,"television, phone, tab",somewhat concerned
164,2025-03-10 08:43:20.880,45 and above,female,"computer, tab, others",somewhat concerned
165,2025-03-10 08:43:56.966,below 18,female,"computer, television",very concerned
166,2025-03-10 08:44:01.825,18-25,female,computer,very concerned
167,2025-03-10 08:44:31.101,18-25,female,"television, phone, tab",somewhat concerned
168,2025-03-10 08:45:02.749,45 and above,male,phone,somewhat concerned
169,2025-03-10 08:45:34.618,below 18,female,"computer, television, tab",very concerned
170,2025-03-10 08:50:59.512,18-25,female,"television, phone, others",somewhat concerned
171,2025-03-10 08:51:27.410,below 18,female,phone,somewhat concerned
172,2025-03-10 08:51:56.180,below 18,female,"television, phone, others",somewhat concerned
173,2025-03-10 08:53:28.223,18-25,female,"television, phone",somewhat concerned
174,2025-03-10 08:54:57.566,18-25,male,"television, phone, tab",somewhat concerned
175,2025-03-10 08:55:24.157,26-44,female,"television, phone",somewhat concerned
176,2025-03-10 08:55:51.352,18-25,female,"computer, television, phone",somewhat concerned
177,2025-03-10 08:56:21.690,18-25,female,"computer, television, phone",somewhat concerned
178,2025-03-10 09:43:50.319,below 18,male,"computer, phone",somewhat concerned
179,2025-03-10 09:44:21.969,26-44,female,"computer, television",not concerned
180,2025-03-10 09:44:53.325,18-25,female,"television, tab",somewhat concerned
181,2025-03-10 09:45:26.439,18-25,female,"computer, phone, tab",somewhat concerned
182,2025-03-10 09:46:00.809,26-44,male,tab,somewhat concerned
183,2025-03-10 09:46:45.585,18-25,female,"computer, television, phone",not concerned
184,2025-03-10 09:47:19.387,below 18,female,"computer, television, phone",somewhat concerned
185,2025-03-10 09:47:52.767,45 and above,male,"computer, television, phone",somewhat concerned
186,2025-03-10 09:48:19.368,18-25,male,"computer, television, tab",very concerned
187,2025-03-10 09:49:08.830,26-44,female,"computer, phone",somewhat concerned
188,2025-03-10 09:49:38.414,18-25,male,phone,somewhat concerned
189,2025-03-10 09:50:11.528,below 18,female,"computer, television, phone",very concerned
190,2025-03-10 09:50:46.858,26-44,male,tab,somewhat concerned
191,2025-03-10 10:09:33.508,18-25,male,"computer, phone",somewhat concerned
192,2025-03-10 10:10:39.765,26-44,female,"computer, television",somewhat concerned
193,2025-03-10 10:11:25.137,45 and above,female,"television, phone",very concerned
194,2025-03-10 10:11:54.548,26-44,male,"computer, television, phone",somewhat concerned
195,2025-03-10 10:13:11.416,below 18,male,"computer, television, phone",very concerned
196,2025-03-10 10:13:43.818,18-25,male,"computer, phone",somewhat concerned
197,2025-03-10 10:14:48.616,18-25,male,"computer, phone",somewhat concerned
198,2025-03-10 10:15:23.469,45 and above,male,phone,somewhat concerned
199,2025-03-11 10:08:55.258,below 18,female,"television, phone",somewhat concerned
200,2025-03-11 10:17:27.921,45 and above,prefer not to say,"computer, television, phone, tab, others",somewhat concerned
201,2025-03-11 10:36:58.836,18-25,male,"computer, phone",somewhat concerned
202,2025-03-11 10:45:26.560,26-44,prefer not to say,others,somewhat concerned
203,2025-03-11 10:45:51.239,18-25,female,phone,not concerned
204,2025-03-11 11:00:23.134,18-25,female,phone,very concerned
205,2025-03-11 11:01:16.201,below 18,male,television,somewhat concerned
206,2025-03-11 11:06:52.571,18-25,female,phone,somewhat concerned
207,2025-03-11 11:42:05.139,26-44,male,tab,somewhat concerned
208,2025-03-11 18:23:42.509,18-25,female,"television, phone, tab",very concerned
209,2025-03-14 21:19:41.166,18-25,prefer not to say,phone,somewhat concerned
210,2025-03-14 21:22:46.215,26-44,male,"phone, tab",somewhat concerned
211,2025-03-14 21:25:17.126,26-44,female,phone,somewhat concerned
212,2025-03-14 21:30:16.087,45 and above,female,tab,not concerned
213,2025-03-14 21:30:19.851,18-25,female,television,somewhat concerned
214,2025-03-14 21:33:37.100,18-25,prefer not to say,"television, phone",somewhat concerned
215,2025-03-14 21:35:01.249,18-25,prefer not to say,"computer, phone",somewhat concerned
216,2025-03-14 21:35:49.433,18-25,prefer not to say,phone,somewhat concerned
217,2025-03-14 21:36:13.018,26-44,female,phone,not concerned
218,2025-03-14 21:37:23.449,26-44,male,phone,very concerned
219,2025-03-14 21:37:39.814,26-44,prefer not to say,"phone, tab",very concerned
220,2025-03-14 21:39:12.510,45 and above,prefer not to say,tab,very concerned
221,2025-03-14 21:39:14.880,18-25,female,phone,somewhat concerned
222,2025-04-07 10:50:42.373,below 18,female,"computer, phone",very concerned
223,2025-04-07 10:51:21.223,26-44,female,"television, phone",somewhat concerned
224,2025-04-07 10:52:05.124,18-25,male,"computer, phone, others",very concerned
225,2025-04-07 10:52:47.652,18-25,male,"computer, television, phone, tab",somewhat concerned
226,2025-04-07 10:53:28.362,26-44,male,"computer, phone",somewhat concerned
227,2025-04-07 10:54:29.206,26-44,male,"television, phone, tab",not concerned
228,2025-04-07 10:55:14.590,26-44,female,"computer, phone, others",somewhat concerned
229,2025-04-07 14:07:28.416,18-25,female,"computer, phone",very concerned
230,2025-04-07 14:07:54.584,26-44,male,"computer, television, phone, tab",somewhat concerned
231,2025-04-07 14:08:21.869,18-25,female,"computer, phone, others",not concerned
232,2025-04-07 14:08:54.957,26-44,female,"computer, television, tab",somewhat concerned
233,2025-04-07 14:09:51.498,26-44,male,"computer, phone",somewhat concerned
234,2025-04-07 14:10:19.983,45 and above,prefer not to say,"computer, television, others",somewhat concerned
235,2025-04-07 14:16:01.762,below 18,female,television,somewhat concerned
236,2025-04-07 14:16:06.186,18-25,male,"computer, tab",somewhat concerned
237,2025-04-07 14:16:30.890,26-44,male,television,very concerned
238,2025-04-07 14:16:45.523,18-25,male,"television, tab, others",somewhat concerned
239,2025-04-07 14:17:00.617,26-44,female,television,somewhat concerned
240,2025-04-07 14:17:17.754,26-44,male,"television, phone, others",somewhat concerned
241,2025-04-07 14:17:26.672,26-44,male,television,not concerned
242,2025-04-07 14:17:51.095,26-44,female,"phone, tab, others",somewhat concerned
243,2025-04-07 14:18:00.597,18-25,female,tab,not concerned
244,2025-04-07 14:18:37.695,18-25,female,phone,very concerned
245,2025-04-07 14:19:08.454,18-25,female,television,somewhat concerned
246,2025-04-07 14:19:33.289,45 and above,female,television,very concerned
247,2025-04-07 14:20:00.791,26-44,male,television,very concerned
248,2025-04-07 14:20:16.942,18-25,male,"phone, tab, others",somewhat concerned
249,2025-04-07 14:22:55.093,26-44,male,phone,somewhat concerned
250,2025-04-07 14:23:58.890,below 18,female,phone,very concerned
251,2025-04-07 14:24:53.758,45 and above,male,tab,not concerned
252,2025-04-07 14:27:15.991,18-25,female,"computer, television, tab",somewhat concerned
253,2025-04-07 14:27:44.799,26-44,female,"computer, phone, tab, others",not concerned
254,2025-04-07 14:28:35.116,18-25,male,"phone, others",very concerned
255,2025-04-07 14:29:48.387,18-25,female,"computer, phone",very concerned
256,2025-04-07 14:44:02.119,18-25,female,"computer, phone",very concerned
257,2025-04-07 14:49:12.060,18-25,male,"computer, television, phone, tab",somewhat concerned
258,2025-04-07 14:49:27.039,18-25,female,"computer, television, phone, tab",very concerned
259,2025-04-07 14:53:18.314,18-25,male,"computer, phone",somewhat concerned
260,2025-04-07 14:58:22.982,18-25,female,"computer, phone, tab",very concerned
261,2025-04-07 15:15:07.652,18-25,male,"computer, phone, others",very concerned
262,2025-04-07 16:21:28.351,below 18,female,television,somewhat concerned
263,2025-04-07 16:22:18.862,18-25,male,"phone, tab",somewhat concerned
264,2025-04-07 16:23:02.555,26-44,prefer not to say,"television, phone",somewhat concerned
265,2025-04-07 16:23:43.424,26-44,male,"television, phone",not concerned
266,2025-04-07 16:24:34.852,45 and above,male,phone,somewhat concerned
267,2025-04-07 16:26:11.264,below 18,female,"computer, phone, tab",very concerned
268,2025-04-07 16:27:00.438,26-44,female,phone,somewhat concerned
269,2025-04-07 16:28:03.403,18-25,female,"phone, tab",somewhat concerned
270,2025-04-07 16:29:35.565,18-25,male,others,somewhat concerned
271,2025-04-07 16:31:01.763,26-44,male,phone,very concerned
272,2025-04-07 16:32:36.039,18-25,male,phone,not concerned
273,2025-04-07 16:33:30.429,18-25,prefer not to say,phone,not concerned
274,2025-04-07 16:34:35.035,26-44,female,"television, phone, tab",very concerned
275,2025-04-07 16:35:20.834,18-25,prefer not to say,"phone, tab",very concerned
276,2025-04-07 16:36:12.593,18-25,female,phone,not concerned
277,2025-04-07 16:36:55.547,26-44,female,"computer, phone",not concerned
278,2025-04-07 16:38:06.075,18-25,prefer not to say,"computer, television, phone",not concerned
279,2025-04-07 16:45:48.058,45 and above,prefer not to say,phone,not concerned
280,2025-04-07 16:46:43.812,26-44,male,others,somewhat concerned
281,2025-04-07 16:54:22.885,26-44,prefer not to say,"phone, tab",very concerned
282,2025-04-07 17:02:54.153,below 18,female,"others, phone",somewhat concerned
283,2025-04-07 17:03:08.854,below 18,male,phone,somewhat concerned
284,2025-04-07 17:04:01.697,below 18,female,"tab, computer",somewhat concerned
285,2025-04-07 17:04:12.767,45 and above,male,"computer, others",very concerned
286,2025-04-07 17:04:17.778,45 and above,prefer not to say,"tab, television",somewhat concerned
287,2025-04-07 17:04:22.789,26-44,male,others,somewhat concerned
288,2025-04-07 17:04:28.702,18-25,prefer not to say,"television, computer",very concerned
289,2025-04-07 17:04:30.848,26-44,male,computer,somewhat concerned
290,2025-04-07 17:04:34.243,45 and above,female,television,not concerned
291,2025-04-07 17:04:40.437,45 and above,female,others,not concerned
292,2025-04-07 17:04:46.108,26-44,prefer not to say,phone,very concerned
293,2025-04-07 17:05:06.550,26-44,male,computer,not concerned
294,2025-04-07 17:05:19.828,below 18,prefer not to say,"television, others",very concerned
295,2025-04-07 17:05:24.259,45 and above,prefer not to say,tab,somewhat concerned
296,2025-04-07 17:05:32.298,45 and above,male,tab,very concerned
297,2025-04-07 17:05:35.568,26-44,female,"tab, television",not concerned
298,2025-04-07 17:05:41.391,45 and above,prefer not to say,"phone, tab",not concerned
299,2025-04-07 17:05:44.700,18-25,female,"others, phone",somewhat concerned
300,2025-04-07 17:06:05.746,26-44,male,"television, others",somewhat concerned
301,2025-04-07 17:06:23.368,18-25,male,"phone, tab",not concerned
302,2025-04-07 17:06:39.724,45 and above,male,others,not concerned
303,2025-04-07 17:06:42.968,18-25,prefer not to say,computer,somewhat concerned
304,2025-04-07 17:06:58.565,below 18,female,phone,very concerned
305,2025-04-07 17:07:06.833,45 and above,prefer not to say,others,very concerned
306,2025-04-07 17:07:11.231,18-25,prefer not to say,television,very concerned
307,2025-04-07 17:07:27.566,45 and above,prefer not to say,computer,somewhat concerned
308,2025-04-07 17:07:30.827,45 and above,female,"phone, computer",not concerned
309,2025-04-07 17:07:35.240,below 18,female,"phone, tab",not concerned
310,2025-04-07 17:07:38.493,45 and above,prefer not to say,"phone, tab",somewhat concerned
311,2025-04-07 17:07:53.335,45 and above,prefer not to say,"others, television",somewhat concerned
312,2025-04-07 17:08:22.723,18-25,female,phone,very concerned
313,2025-04-07 17:08:31.321,below 18,female,"television, tab",somewhat concerned
314,2025-04-07 17:08:40.531,below 18,female,"phone, tab",somewhat concerned
315,2025-04-07 17:08:42.147,26-44,female,phone,very concerned
316,2025-04-07 17:08:43.809,18-25,female,others,very concerned
317,2025-04-07 17:08:51.228,26-44,prefer not to say,"others, tab",not concerned
318,2025-04-07 17:08:52.871,below 18,prefer not to say,"phone, tab",somewhat concerned
319,2025-04-07 17:08:59.871,18-25,male,tab,not concerned
320,2025-04-07 17:09:01.505,below 18,male,computer,somewhat concerned
321,2025-04-07 17:09:08.044,18-25,prefer not to say,"television, tab",very concerned
322,2025-04-07 17:09:11.805,26-44,prefer not to say,"computer, tab",not concerned
323,2025-04-07 17:09:13.465,45 and above,prefer not to say,"television, others",very concerned
324,2025-04-07 17:09:20.307,26-44,prefer not to say,"computer, tab",not concerned
325,2025-04-07 17:09:24.614,below 18,male,computer,not concerned
326,2025-04-07 17:09:34.256,26-44,prefer not to say,"phone, computer",somewhat concerned
327,2025-04-07 17:09:37.282,18-25,female,"phone, television",somewhat concerned
328,2025-04-07 17:09:50.183,26-44,prefer not to say,others,not concerned
329,2025-04-07 17:09:56.754,below 18,prefer not to say,"phone, computer",very concerned
330,2025-04-07 17:10:00.841,26-44,male,"others, tab",very concerned
331,2025-04-07 17:10:02.464,below 18,male,"computer, television",not concerned
332,2025-04-07 17:10:04.043,below 18,female,"television, computer",very concerned
333,2025-04-07 17:10:05.638,18-25,prefer not to say,others,not concerned
334,2025-04-07 17:10:20.388,below 18,male,"television, computer",not concerned
335,2025-04-07 17:10:32.493,26-44,prefer not to say,"television, others",very concerned
336,2025-04-07 17:10:35.668,below 18,female,others,very concerned
337,2025-04-07 17:10:37.230,26-44,female,"phone, television",not concerned
338,2025-04-07 17:10:41.668,26-44,prefer not to say,"tab, phone",not concerned
339,2025-04-07 17:10:44.213,26-44,male,phone,not concerned
340,2025-04-07 17:10:45.834,18-25,female,television,very concerned
341,2025-04-07 17:10:49.502,45 and above,male,"television, phone",very concerned
342,2025-04-07 17:10:52.744,below 18,female,computer,somewhat concerned
343,2025-04-07 17:10:55.374,below 18,male,television,somewhat concerned
344,2025-04-07 17:11:06.216,18-25,male,"phone, computer",not concerned
345,2025-04-07 17:11:15.991,18-25,prefer not to say,television,somewhat concerned
346,2025-04-07 17:11:26.243,below 18,female,television,somewhat concerned
347,2025-04-07 17:11:31.403,18-25,prefer not to say,others,not concerned
348,2025-04-07 17:11:39.137,18-25,prefer not to say,phone,somewhat concerned
349,2025-04-07 17:11:41.424,below 18,female,"phone, tab",very concerned
350,2025-04-07 17:11:43.034,26-44,female,tab,somewhat concerned
351,2025-04-07 17:11:52.196,26-44,male,television,somewhat concerned
352,2025-04-07 17:12:01.506,below 18,female,"tab, phone",very concerned
353,2025-04-07 17:12:13.280,26-44,female,tab,not concerned
354,2025-04-07 17:12:15.616,45 and above,prefer not to say,television,not concerned
355,2025-04-07 17:12:17.247,below 18,male,"television, others",somewhat concerned
356,2025-04-07 17:12:23.612,18-25,prefer not to say,"tab, computer",very concerned
357,2025-04-07 17:12:28.763,26-44,prefer not to say,others,very concerned
358,2025-04-07 17:12:32.861,45 and above,male,"others, computer",very concerned
359,2025-04-07 17:12:35.160,18-25,female,"computer, tab",not concerned
360,2025-04-07 17:12:39.698,below 18,male,"tab, phone",very concerned
361,2025-04-07 17:13:12.502,18-25,female,television,very concerned
362,2025-04-07 17:13:20.264,below 18,prefer not to say,"tab, television",not concerned
363,2025-04-07 17:13:26.148,45 and above,prefer not to say,television,not concerned
364,2025-04-07 17:13:32.091,below 18,male,others,somewhat concerned
365,2025-04-07 17:13:33.645,below 18,female,others,not concerned
366,2025-04-07 17:13:36.549,below 18,female,"others, tab",somewhat concerned
367,2025-04-07 17:13:47.180,below 18,female,tab,very concerned
368,2025-04-07 17:13:49.978,26-44,male,computer,somewhat concerned
369,2025-04-07 17:13:52.247,18-25,male,"computer, phone",somewhat concerned
370,2025-04-07 17:13:55.282,18-25,prefer not to say,tab,somewhat concerned
371,2025-04-07 17:13:56.905,26-44,male,computer,not concerned
372,2025-04-07 17:14:00.717,26-44,female,"computer, television",not concerned
373,2025-04-07 17:14:02.286,18-25,female,"phone, computer",somewhat concerned
374,2025-04-07 17:14:07.300,26-44,prefer not to say,television,very concerned
375,2025-04-07 17:14:08.911,26-44,male,television,not concerned
376,2025-04-07 17:15:32.508,26-44,female,"tab, phone",somewhat concerned
377,2025-04-07 17:15:41.469,below 18,female,others,somewhat concerned
378,2025-04-07 17:15:51.481,45 and above,prefer not to say,phone,very concerned
379,2025-04-07 17:16:02.525,18-25,female,computer,not concerned
380,2025-04-07 17:16:16.113,18-25,male,"television, others",very concerned
381,2025-04-07 17:16:45.908,26-44,female,"television, computer",not concerned
382,2025-04-07 17:16:51.778,26-44,male,"tab, television",somewhat concerned
383,2025-04-07 17:17:07.500,45 and above,male,computer,not concerned
384,2025-04-07 17:17:32.782,below 18,prefer not to say,"computer, others",not concerned
385,2025-04-07 17:17:50.919,45 and above,female,"television, phone",very concerned
386,2025-04-07 17:18:13.488,45 and above,female,television,not concerned
387,2025-04-07 17:18:32.779,26-44,prefer not to say,tab,somewhat concerned
388,2025-04-07 17:18:43.929,26-44,prefer not to say,phone,very concerned
389,2025-04-07 17:18:49.817,26-44,female,tab,very concerned
390,2025-04-07 17:18:57.944,26-44,prefer not to say,computer,somewhat concerned
391,2025-04-07 17:19:02.442,45 and above,male,computer,very concerned
392,2025-04-07 17:19:17.136,18-25,female,others,very concerned
393,2025-04-07 17:19:20.351,45 and above,female,television,somewhat concerned
394,2025-04-07 17:19:23.463,26-44,female,computer,very concerned
395,2025-04-07 17:19:35.059,below 18,male,computer,somewhat concerned
396,2025-04-07 17:19:50.280,26-44,male,"television, computer",not concerned
397,2025-04-07 17:20:05.433,18-25,female,"television, others",not concerned
398,2025-04-07 17:20:14.154,below 18,female,"tab, computer",very concerned
399,2025-04-07 17:20:21.302,below 18,prefer not to say,television,not concerned
400,2025-04-07 17:20:24.482,below 18,female,computer,very concerned
401,2025-04-07 17:20:35.454,18-25,male,"others, phone",somewhat concerned
402,2025-04-07 17:20:55.392,below 18,male,"others, phone",somewhat concerned
403,2025-04-07 17:21:07.204,18-25,prefer not to say,"television, computer",somewhat concerned
404,2025-04-07 17:27:07.306,below 18,female,"tab, others",very concerned
405,2025-04-07 17:27:33.295,26-44,prefer not to say,computer,somewhat concerned
406,2025-04-07 17:27:37.991,below 18,prefer not to say,"television, phone",somewhat concerned
407,2025-04-07 17:27:42.934,45 and above,prefer not to say,others,somewhat concerned
408,2025-04-07 17:27:48.787,26-44,female,television,very concerned
409,2025-04-07 17:27:54.524,below 18,male,"tab, phone",very concerned
410,2025-04-07 17:27:57.572,26-44,prefer not to say,tab,very concerned
411,2025-04-07 17:28:00.087,26-44,male,"television, phone",not concerned
412,2025-04-07 17:28:01.813,below 18,prefer not to say,"computer, phone",not concerned
413,2025-04-07 17:28:50.753,18-25,prefer not to say,"others, phone",very concerned
414,2025-04-07 17:29:03.121,45 and above,prefer not to say,"others, television",not concerned
415,2025-04-07 17:29:04.830,18-25,prefer not to say,"phone, computer",not concerned
416,2025-04-07 17:29:08.815,18-25,male,"phone, others",somewhat concerned
417,2025-04-07 17:29:15.730,26-44,prefer not to say,"tab, television",somewhat concerned
418,2025-04-07 17:29:29.542,26-44,female,tab,somewhat concerned
419,2025-04-07 17:29:39.915,26-44,prefer not to say,"tab, television",not concerned
420,2025-04-07 17:29:41.637,below 18,male,"tab, phone",not concerned
421,2025-04-07 17:29:46.451,45 and above,female,"computer, others",very concerned
422,2025-04-07 17:29:50.636,below 18,male,"computer, others",very concerned
423,2025-04-07 17:29:54.134,45 and above,male,tab,not concerned
424,2025-04-07 17:29:56.584,45 and above,prefer not to say,"tab, others",somewhat concerned
425,2025-04-07 17:29:58.298,45 and above,prefer not to say,"others, television",very concerned
426,2025-04-07 17:30:06.822,26-44,female,phone,very concerned
427,2025-04-07 17:30:12.518,26-44,male,"phone, television",not concerned
428,2025-04-07 17:30:20.153,26-44,female,"computer, others",not concerned
429,2025-04-07 17:30:24.128,26-44,prefer not to say,computer,very concerned
430,2025-04-07 17:30:28.679,45 and above,female,"others, tab",somewhat concerned
431,2025-04-07 17:30:38.648,45 and above,female,tab,somewhat concerned
432,2025-04-07 17:30:41.955,45 and above,prefer not to say,tab,very concerned
433,2025-04-07 17:30:45.991,18-25,male,television,not concerned
434,2025-04-07 17:30:50.342,below 18,female,"tab, others",not concerned
435,2025-04-07 17:30:53.868,45 and above,male,computer,somewhat concerned
436,2025-04-07 17:31:05.659,below 18,prefer not to say,"computer, phone",somewhat concerned
437,2025-04-07 17:31:09.766,26-44,female,tab,not concerned
438,2025-04-07 17:31:20.952,below 18,prefer not to say,television,somewhat concerned
439,2025-04-07 17:31:29.354,26-44,male,phone,not concerned
440,2025-04-07 17:31:31.127,45 and above,male,television,not concerned
441,2025-04-07 17:32:41.204,18-25,female,"phone, computer",not concerned
442,2025-04-07 17:31:38.871,26-44,male,computer,not concerned
443,2025-04-07 17:31:50.678,below 18,prefer not to say,television,somewhat concerned
444,2025-04-07 17:31:56.103,18-25,female,"phone, television",somewhat concerned
445,2025-04-07 17:32:09.084,18-25,female,computer,very concerned
446,2025-04-07 17:32:10.826,26-44,prefer not to say,"television, phone",very concerned
447,2025-04-07 17:32:16.491,below 18,female,"others, computer",not concerned
448,2025-04-07 17:32:20.618,45 and above,female,"phone, computer",somewhat concerned
449,2025-04-07 17:32:27.582,45 and above,female,"phone, others",not concerned
450,2025-04-07 17:32:33.464,18-25,male,tab,not concerned
451,2025-04-07 17:32:38.755,below 18,male,"phone, computer",somewhat concerned
452,2025-04-07 17:32:48.382,26-44,male,"others, television",somewhat concerned
453,2025-04-07 17:32:56.231,26-44,female,"television, phone",not concerned
454,2025-04-07 17:33:02.964,18-25,male,others,not concerned
455,2025-04-07 17:33:27.459,below 18,prefer not to say,"phone, others",not concerned
456,2025-04-07 17:33:35.422,18-25,male,television,not concerned
457,2025-04-07 17:33:38.607,45 and above,female,phone,not concerned
458,2025-04-07 17:33:40.936,below 18,female,"computer, tab",not concerned
459,2025-04-07 17:34:15.770,26-44,male,"computer, television",not concerned
460,2025-04-07 17:34:19.923,18-25,prefer not to say,phone,very concerned
461,2025-04-07 17:34:29.125,18-25,male,"tab, computer",not concerned
462,2025-04-07 17:34:32.642,45 and above,male,"phone, television",very concerned
463,2025-04-07 17:34:34.281,below 18,prefer not to say,"computer, tab",somewhat concerned
464,2025-04-07 17:34:44.438,26-44,male,phone,not concerned
465,2025-04-07 17:34:51.236,26-44,female,"others, computer",very concerned
466,2025-04-07 17:34:54.206,below 18,male,television,somewhat concerned
467,2025-04-07 17:34:55.667,26-44,female,"phone, others",not concerned
468,2025-04-07 17:35:01.824,18-25,male,"phone, computer",somewhat concerned
469,2025-04-07 17:35:04.723,26-44,male,phone,somewhat concerned
470,2025-04-07 17:35:17.908,below 18,female,"others, phone",not concerned
471,2025-04-07 17:35:22.202,45 and above,male,"others, television",very concerned
472,2025-04-07 17:35:42.619,below 18,female,"phone, tab",very concerned
473,2025-04-07 17:35:46.762,below 18,prefer not to say,others,somewhat concerned
474,2025-04-07 17:35:51.326,45 and above,female,"others, tab",very concerned
475,2025-04-07 17:35:52.822,45 and above,female,phone,very concerned
476,2025-04-07 17:36:06.206,26-44,prefer not to say,others,not concerned
477,2025-04-07 17:36:08.364,below 18,female,television,somewhat concerned
478,2025-04-07 17:36:11.239,below 18,female,"television, others",somewhat concerned
479,2025-04-07 17:36:14.047,45 and above,prefer not to say,"tab, computer",very concerned
480,2025-04-07 17:36:17.484,26-44,male,"tab, phone",not concerned
481,2025-04-07 17:36:20.096,45 and above,male,tab,not concerned
482,2025-04-07 17:36:30.764,45 and above,male,"computer, phone",somewhat concerned
483,2025-04-07 17:36:33.566,45 and above,female,tab,not concerned
484,2025-04-07 17:36:36.565,below 18,prefer not to say,"television, tab",very concerned
485,2025-04-07 17:36:40.867,18-25,female,phone,somewhat concerned
486,2025-04-07 17:36:42.687,45 and above,female,"computer, tab",somewhat concerned
487,2025-04-07 17:36:44.194,below 18,prefer not to say,"others, phone",not concerned
488,2025-04-07 17:36:50.021,26-44,female,"others, television",somewhat concerned
489,2025-04-07 17:36:58.224,26-44,prefer not to say,"phone, others",very concerned
490,2025-04-07 17:37:14.252,below 18,male,phone,not concerned
491,2025-04-07 17:37:31.008,below 18,prefer not to say,"others, phone",very concerned
492,2025-04-07 17:37:34.576,26-44,female,"phone, tab",not concerned
493,2025-04-07 17:37:39.214,26-44,male,"others, tab",somewhat concerned
494,2025-04-07 17:37:46.583,26-44,prefer not to say,computer,very concerned
495,2025-04-07 17:37:50.856,45 and above,prefer not to say,"phone, television",somewhat concerned
496,2025-04-07 17:37:55.526,18-25,prefer not to say,television,somewhat concerned
497,2025-04-07 17:38:05.916,below 18,female,computer,somewhat concerned
498,2025-04-07 17:38:12.020,18-25,male,"television, others",very concerned
499,2025-04-07 17:38:14.116,45 and above,male,"phone, tab",very concerned
500,2025-04-07 17:38:15.623,18-25,female,others,somewhat concerned
501,2025-04-07 17:38:29.865,26-44,female,others,somewhat concerned
502,2025-04-07 17:38:35.461,45 and above,female,television,not concerned
503,2025-04-07 17:38:39.084,18-25,male,"phone, tab",very concerned
504,2025-04-07 17:38:48.518,below 18,female,computer,somewhat concerned
505,2025-04-07 17:39:02.315,26-44,prefer not to say,"computer, phone",very concerned
506,2025-04-07 17:39:12.651,26-44,male,"tab, others",not concerned
507,2025-04-07 17:45:10.550,below 18,male,others,not concerned
508,2025-04-07 17:45:13.011,26-44,female,"television, others",not concerned
509,2025-04-07 17:45:21.021,18-25,male,"tab, phone",very concerned
510,2025-04-07 17:45:29.227,18-25,prefer not to say,tab,not concerned
511,2025-04-07 17:45:36.056,18-25,prefer not to say,television,very concerned
512,2025-04-07 17:45:38.315,18-25,male,phone,very concerned
513,2025-04-07 17:45:50.150,below 18,male,"others, computer",somewhat concerned
514,2025-04-07 17:45:51.677,26-44,female,tab,not concerned
515,2025-04-07 17:45:57.695,below 18,prefer not to say,"phone, computer",very concerned
516,2025-04-07 17:46:05.691,18-25,male,"phone, others",very concerned
517,2025-04-07 17:46:07.919,18-25,female,television,somewhat concerned
518,2025-04-07 17:46:13.473,45 and above,prefer not to say,"television, others",somewhat concerned
519,2025-04-07 17:46:19.829,below 18,prefer not to say,"others, computer",somewhat concerned
520,2025-04-07 17:46:29.865,18-25,female,"tab, phone",not concerned
521,2025-04-07 17:46:34.187,45 and above,male,others,very concerned
522,2025-04-07 17:46:43.782,45 and above,male,"others, phone",somewhat concerned
523,2025-04-07 17:46:45.944,26-44,female,"television, computer",not concerned
524,2025-04-07 17:46:48.062,below 18,female,"computer, phone",somewhat concerned
525,2025-04-07 17:46:53.424,26-44,prefer not to say,computer,not concerned
526,2025-04-07 17:46:57.586,below 18,female,"phone, computer",somewhat concerned
527,2025-04-07 17:47:05.797,45 and above,male,"tab, others",somewhat concerned
528,2025-04-07 17:47:13.162,below 18,male,"computer, television",not concerned
529,2025-04-07 17:47:25.290,45 and above,female,tab,somewhat concerned
530,2025-04-07 17:47:28.171,18-25,prefer not to say,tab,somewhat concerned
531,2025-04-07 17:47:36.173,45 and above,female,computer,not concerned
532,2025-04-07 17:47:38.381,18-25,prefer not to say,phone,very concerned
533,2025-04-07 17:47:41.244,18-25,prefer not to say,phone,not concerned
534,2025-04-07 17:47:50.207,18-25,prefer not to say,"phone, computer",somewhat concerned
535,2025-04-07 17:47:52.535,18-25,prefer not to say,tab,very concerned
536,2025-04-07 17:47:59.690,18-25,female,"others, tab",not concerned
537,2025-04-07 17:48:05.075,26-44,male,"others, computer",not concerned
538,2025-04-07 17:48:07.363,18-25,male,"others, phone",somewhat concerned
539,2025-04-07 17:48:16.212,45 and above,prefer not to say,computer,not concerned
540,2025-04-07 17:48:17.735,26-44,female,"tab, phone",not concerned
541,2025-04-07 17:48:20.750,18-25,male,others,not concerned
542,2025-04-07 17:48:22.272,18-25,prefer not to say,phone,very concerned
543,2025-04-07 17:48:24.460,45 and above,male,"phone, others",not concerned
544,2025-04-07 17:48:27.449,18-25,male,computer,very concerned
545,2025-04-07 17:48:33.037,below 18,female,television,very concerned
546,2025-04-07 17:48:38.707,45 and above,female,tab,not concerned
547,2025-04-07 17:48:40.932,18-25,female,"tab, others",not concerned
548,2025-04-07 17:48:51.642,below 18,male,"tab, computer",not concerned
549,2025-04-07 17:48:55.026,26-44,prefer not to say,phone,somewhat concerned
550,2025-04-07 17:48:59.714,below 18,male,"television, others",somewhat concerned
551,2025-04-07 17:49:01.176,26-44,prefer not to say,"television, others",somewhat concerned
552,2025-04-07 17:49:06.020,45 and above,male,others,very concerned
553,2025-04-07 17:49:07.499,45 and above,female,"phone, computer",somewhat concerned
554,2025-04-07 17:49:17.177,45 and above,male,television,somewhat concerned
555,2025-04-07 17:49:19.500,45 and above,female,"phone, television",very concerned
556,2025-04-07 17:49:26.583,below 18,prefer not to say,computer,somewhat concerned
557,2025-04-07 17:49:28.691,below 18,male,"computer, others",somewhat concerned
558,2025-04-07 17:49:45.375,below 18,female,"others, computer",very concerned
559,2025-04-07 17:49:55.599,26-44,female,phone,not concerned
560,2025-04-07 17:50:00.022,45 and above,male,tab,somewhat concerned
561,2025-04-07 17:50:05.871,26-44,male,"computer, television",somewhat concerned
562,2025-04-07 17:50:08.774,45 and above,prefer not to say,computer,very concerned
563,2025-04-07 17:50:23.832,18-25,female,computer,very concerned
564,2025-04-07 17:50:32.236,26-44,female,tab,very concerned
565,2025-04-07 17:50:34.374,45 and above,female,"computer, television",not concerned
566,2025-04-07 17:50:37.938,45 and above,male,television,somewhat concerned
567,2025-04-07 17:50:49.431,below 18,prefer not to say,phone,not concerned
568,2025-04-07 17:50:53.387,18-25,prefer not to say,phone,very concerned
569,2025-04-07 17:50:54.972,18-25,prefer not to say,phone,not concerned
570,2025-04-07 17:50:58.256,26-44,male,television,not concerned
571,2025-04-07 17:52:24.382,45 and above,female,computer,very concerned
572,2025-04-07 17:52:33.229,26-44,female,others,not concerned
573,2025-04-07 17:52:38.583,18-25,female,television,very concerned
574,2025-04-07 17:52:41.524,below 18,male,computer,not concerned
575,2025-04-07 17:52:45.780,45 and above,male,others,not concerned
576,2025-04-07 17:52:51.211,45 and above,prefer not to say,"television, phone",very concerned
577,2025-04-07 17:52:54.159,below 18,female,phone,very concerned
578,2025-04-07 17:52:56.453,45 and above,female,television,somewhat concerned
579,2025-04-07 17:52:58.030,below 18,prefer not to say,tab,not concerned
580,2025-04-07 17:53:02.512,18-25,female,others,very concerned
581,2025-04-07 17:53:16.867,below 18,female,"tab, television",somewhat concerned
582,2025-04-07 17:53:27.164,18-25,male,phone,somewhat concerned
583,2025-04-07 17:53:30.039,26-44,female,"phone, others",not concerned
584,2025-04-07 17:53:33.863,below 18,male,"computer, tab",not concerned
585,2025-04-07 17:53:41.956,45 and above,prefer not to say,"tab, phone",not concerned
586,2025-04-07 17:53:44.943,45 and above,prefer not to say,"phone, tab",not concerned
587,2025-04-07 17:53:47.905,26-44,male,"tab, phone",very concerned
588,2025-04-07 17:53:52.100,26-44,male,"tab, phone",very concerned
589,2025-04-07 17:53:57.016,26-44,male,"television, others",very concerned
590,2025-04-07 17:54:06.315,18-25,prefer not to say,others,not concerned
591,2025-04-07 17:54:08.660,45 and above,prefer not to say,tab,not concerned
592,2025-04-07 17:54:11.584,18-25,male,tab,very concerned
593,2025-04-07 17:54:21.551,26-44,male,"tab, others",somewhat concerned
594,2025-04-07 17:54:29.233,26-44,prefer not to say,computer,not concerned
595,2025-04-07 17:54:35.563,below 18,female,television,very concerned
596,2025-04-07 17:54:44.629,18-25,prefer not to say,television,very concerned
597,2025-04-07 17:54:49.007,45 and above,male,"computer, television",not concerned
598,2025-04-07 17:54:53.888,26-44,female,tab,somewhat concerned
599,2025-04-07 17:54:58.756,45 and above,female,"tab, television",very concerned
600,2025-04-07 17:55:06.757,26-44,prefer not to say,"others, computer",very concerned
601,2025-04-07 17:55:08.332,below 18,female,tab,not concerned
602,2025-04-07 17:55:14.867,26-44,prefer not to say,"computer, television",very concerned
603,2025-04-07 17:55:20.649,18-25,male,"computer, others",somewhat concerned
604,2025-04-07 17:55:26.382,26-44,male,tab,very concerned
605,2025-04-07 17:55:29.298,45 and above,female,tab,somewhat concerned
606,2025-04-07 17:55:33.580,45 and above,prefer not to say,"television, phone",very concerned
607,2025-04-07 17:55:37.085,18-25,female,"phone, computer",not concerned
608,2025-04-07 17:55:39.372,18-25,prefer not to say,television,very concerned
609,2025-04-07 17:55:46.554,below 18,prefer not to say,television,somewhat concerned
610,2025-04-07 17:55:54.444,26-44,female,"computer, others",somewhat concerned
611,2025-04-07 17:55:56.031,26-44,male,"television, computer",not concerned
612,2025-04-07 17:56:02.831,26-44,male,others,somewhat concerned
613,2025-04-07 17:56:11.688,45 and above,prefer not to say,others,very concerned
614,2025-04-07 17:56:22.116,45 and above,female,computer,not concerned
615,2025-04-07 17:56:30.846,18-25,prefer not to say,tab,very concerned
616,2025-04-07 17:56:34.579,26-44,prefer not to say,"tab, others",very concerned
617,2025-04-07 17:56:46.829,below 18,male,tab,very concerned
618,2025-04-07 17:56:49.229,45 and above,male,"television, phone",very concerned
619,2025-04-07 17:56:53.586,below 18,female,"others, tab",somewhat concerned
620,2025-04-07 17:57:02.218,18-25,prefer not to say,"tab, others",somewhat concerned
621,2025-04-07 17:57:04.497,45 and above,female,"television, computer",not concerned
622,2025-04-07 17:57:07.441,below 18,female,tab,somewhat concerned
623,2025-04-07 17:57:09.009,45 and above,prefer not to say,"computer, phone",somewhat concerned
624,2025-04-07 17:57:23.311,26-44,female,"television, tab",somewhat concerned
625,2025-04-07 17:57:28.317,18-25,female,phone,very concerned
626,2025-04-07 17:57:33.956,45 and above,female,computer,not concerned
627,2025-04-07 17:57:42.467,18-25,male,television,not concerned
628,2025-04-07 17:57:49.054,45 and above,prefer not to say,computer,not concerned
629,2025-04-07 17:57:52.160,18-25,prefer not to say,"others, phone",somewhat concerned
630,2025-04-07 17:57:55.228,18-25,male,"phone, others",not concerned
631,2025-04-07 17:57:58.639,below 18,male,tab,not concerned
632,2025-04-07 17:58:01.661,26-44,male,"phone, tab",somewhat concerned
633,2025-04-07 17:58:07.454,below 18,prefer not to say,others,not concerned
634,2025-04-07 17:58:09.047,18-25,male,television,somewhat concerned
635,2025-04-07 17:58:11.249,26-44,female,"computer, phone",not concerned
636,2025-04-07 17:58:14.259,45 and above,prefer not to say,television,very concerned
637,2025-04-07 18:00:38.940,45 and above,prefer not to say,phone,very concerned
638,2025-04-07 18:00:50.250,45 and above,male,"others, phone",somewhat concerned
639,2025-04-07 18:00:58.796,below 18,prefer not to say,television,very concerned
640,2025-04-07 18:01:01.870,26-44,male,others,not concerned
641,2025-04-07 18:01:21.858,45 and above,female,"phone, television",very concerned
642,2025-04-07 18:01:32.925,26-44,prefer not to say,others,very concerned
643,2025-04-07 18:01:46.017,below 18,male,computer,not concerned
644,2025-04-07 18:02:15.934,45 and above,female,"television, tab",very concerned
645,2025-04-07 18:02:21.699,26-44,female,"television, tab",not concerned
646,2025-04-07 18:02:59.477,26-44,male,"television, tab",not concerned
647,2025-04-07 18:03:06.311,45 and above,male,"phone, others",not concerned
648,2025-04-07 18:03:12.452,18-25,prefer not to say,"computer, phone",very concerned
649,2025-04-07 18:03:27.550,26-44,prefer not to say,"phone, television",somewhat concerned
650,2025-04-07 18:03:30.673,26-44,female,"tab, phone",not concerned
651,2025-04-07 18:03:35.106,45 and above,female,"computer, television",somewhat concerned
652,2025-04-07 18:04:00.408,18-25,female,"tab, computer",very concerned
653,2025-04-07 18:04:03.522,18-25,male,others,somewhat concerned
654,2025-04-07 18:04:11.476,18-25,female,others,very concerned
655,2025-04-07 18:04:21.404,18-25,prefer not to say,"tab, computer",somewhat concerned
656,2025-04-07 18:04:41.959,below 18,female,"phone, others",somewhat concerned
657,2025-04-07 18:04:45.033,45 and above,prefer not to say,"computer, television",somewhat concerned
658,2025-04-07 18:05:26.975,18-25,prefer not to say,others,very concerned
659,2025-04-07 18:05:51.620,45 and above,female,"others, television",not concerned
660,2025-04-07 18:06:10.777,45 and above,female,"phone, others",not concerned
661,2025-04-07 18:08:36.577,45 and above,prefer not to say,computer,not concerned
662,2025-04-07 18:08:38.332,18-25,male,"computer, phone",somewhat concerned
663,2025-04-07 18:08:41.330,26-44,male,tab,not concerned
664,2025-04-07 18:08:48.341,below 18,male,others,very concerned
665,2025-04-07 18:08:50.805,18-25,male,"tab, computer",not concerned
666,2025-04-07 18:08:54.642,below 18,female,"computer, others",somewhat concerned
667,2025-04-07 18:08:59.163,below 18,male,"phone, others",very concerned
668,2025-04-07 18:09:02.285,45 and above,prefer not to say,"others, television",very concerned
669,2025-04-07 18:09:11.459,26-44,male,computer,very concerned
670,2025-04-07 18:09:15.381,26-44,female,"television, tab",somewhat concerned
671,2025-04-07 18:09:18.869,26-44,prefer not to say,phone,somewhat concerned
672,2025-04-07 18:09:21.249,45 and above,female,"computer, phone",very concerned
673,2025-04-07 18:09:24.333,26-44,female,others,somewhat concerned
674,2025-04-07 18:09:25.990,26-44,female,computer,not concerned
675,2025-04-07 18:09:28.375,45 and above,female,computer,not concerned
676,2025-04-07 18:09:38.628,26-44,male,tab,very concerned
677,2025-04-07 18:09:46.958,45 and above,male,television,not concerned
678,2025-04-07 18:09:55.334,26-44,female,"tab, computer",not concerned
679,2025-04-07 18:09:57.002,26-44,male,"phone, computer",not concerned
680,2025-04-07 18:10:10.272,18-25,prefer not to say,"television, tab",not concerned
681,2025-04-07 18:10:13.366,below 18,female,"others, phone",somewhat concerned
682,2025-04-07 18:10:16.962,18-25,prefer not to say,"phone, television",somewhat concerned
683,2025-04-07 18:10:19.178,45 and above,prefer not to say,"computer, others",not concerned
684,2025-04-07 18:10:25.971,below 18,female,"computer, television",very concerned
685,2025-04-07 18:10:28.395,45 and above,female,television,somewhat concerned
686,2025-04-07 18:10:30.071,45 and above,male,"others, phone",very concerned
687,2025-04-07 18:10:34.036,18-25,female,television,somewhat concerned
688,2025-04-07 18:10:38.703,26-44,female,"computer, phone",not concerned
689,2025-04-07 18:10:46.693,45 and above,female,"computer, phone",not concerned
690,2025-04-07 18:10:49.889,below 18,prefer not to say,"television, tab",not concerned
691,2025-04-07 18:10:53.371,26-44,female,"phone, television",not concerned
692,2025-04-07 18:11:01.488,45 and above,female,"computer, television",very concerned
693,2025-04-07 18:11:07.705,45 and above,male,"computer, tab",not concerned
694,2025-04-07 18:11:15.046,26-44,male,"television, computer",very concerned
695,2025-04-07 18:11:19.968,below 18,female,"tab, phone",somewhat concerned
696,2025-04-07 18:11:37.311,26-44,male,computer,not concerned
697,2025-04-07 18:11:44.136,below 18,male,computer,somewhat concerned
698,2025-04-07 18:11:50.747,45 and above,prefer not to say,"phone, computer",very concerned
699,2025-04-07 18:12:02.075,45 and above,prefer not to say,television,somewhat concerned
700,2025-04-07 18:12:06.572,45 and above,prefer not to say,"phone, computer",very concerned
701,2025-04-07 18:12:14.203,45 and above,female,"television, others",not concerned
702,2025-04-07 18:12:23.580,below 18,male,"computer, television",somewhat concerned
703,2025-04-07 18:12:32.851,below 18,prefer not to say,"phone, tab",not concerned
704,2025-04-07 18:13:11.205,18-25,prefer not to say,"computer, others",not concerned
705,2025-04-07 18:13:17.492,below 18,prefer not to say,tab,somewhat concerned
706,2025-04-07 18:13:43.220,45 and above,prefer not to say,computer,very concerned
707,2025-04-07 18:13:51.119,26-44,male,tab,somewhat concerned
708,2025-04-07 18:13:55.768,18-25,female,"computer, tab",very concerned
709,2025-04-07 18:13:59.600,below 18,prefer not to say,"computer, television",very concerned
710,2025-04-07 18:14:05.885,26-44,prefer not to say,computer,somewhat concerned
711,2025-04-07 18:14:09.162,18-25,male,tab,very concerned
712,2025-04-07 18:14:10.891,26-44,female,"others, phone",very concerned
713,2025-04-07 18:14:12.617,45 and above,female,"others, television",not concerned
714,2025-04-07 18:14:25.038,below 18,prefer not to say,television,not concerned
715,2025-04-07 18:14:26.883,45 and above,male,"others, television",somewhat concerned
716,2025-04-07 18:14:32.205,below 18,female,others,somewhat concerned
717,2025-04-07 18:14:34.592,26-44,prefer not to say,"tab, television",somewhat concerned
718,2025-04-07 18:15:44.645,45 and above,female,"phone, others",somewhat concerned
719,2025-04-07 18:15:49.832,18-25,prefer not to say,"others, tab",somewhat concerned
720,2025-04-07 18:15:54.643,below 18,female,tab,very concerned
721,2025-04-07 18:15:56.289,below 18,female,others,somewhat concerned
722,2025-04-07 18:15:58.713,below 18,prefer not to say,"tab, computer",very concerned
723,2025-04-07 18:16:01.959,below 18,prefer not to say,phone,not concerned
724,2025-04-07 18:16:05.091,below 18,prefer not to say,phone,not concerned
725,2025-04-07 18:16:11.428,below 18,prefer not to say,"television, others",very concerned
726,2025-04-07 18:16:13.846,26-44,male,"tab, television",not concerned
727,2025-04-07 18:16:15.530,26-44,female,"computer, phone",not concerned
728,2025-04-07 18:16:17.193,18-25,female,"others, phone",somewhat concerned
729,2025-04-07 18:16:29.142,18-25,male,"phone, computer",not concerned
730,2025-04-07 18:16:33.655,45 and above,female,"television, tab",very concerned
731,2025-04-07 18:16:41.933,26-44,prefer not to say,"phone, television",somewhat concerned
732,2025-04-07 18:16:52.805,26-44,prefer not to say,computer,very concerned
733,2025-04-07 18:17:05.523,below 18,female,television,not concerned
734,2025-04-07 18:17:10.049,45 and above,male,"others, television",not concerned
735,2025-04-07 18:17:17.123,45 and above,female,tab,very concerned
736,2025-04-07 18:17:18.810,26-44,female,tab,very concerned
737,2025-04-07 18:17:26.409,26-44,prefer not to say,"television, computer",not concerned
738,2025-04-07 18:17:28.071,18-25,female,phone,very concerned
739,2025-04-07 18:17:31.943,below 18,male,television,very concerned
740,2025-04-07 18:17:38.004,45 and above,male,phone,very concerned
741,2025-04-07 18:17:39.682,below 18,prefer not to say,"tab, computer",not concerned
742,2025-04-07 18:17:55.267,45 and above,male,others,somewhat concerned
743,2025-04-07 18:18:04.184,18-25,female,television,not concerned
744,2025-04-07 18:18:07.303,45 and above,prefer not to say,phone,very concerned
745,2025-04-07 18:18:09.778,26-44,female,"tab, television",very concerned
746,2025-04-07 18:18:16.734,26-44,female,computer,not concerned
747,2025-04-07 18:18:26.725,18-25,prefer not to say,"tab, computer",very concerned
748,2025-04-07 18:18:30.642,below 18,male,"television, phone",very concerned
749,2025-04-07 18:18:32.350,26-44,prefer not to say,"phone, television",very concerned
750,2025-04-07 18:18:35.445,26-44,prefer not to say,tab,somewhat concerned
751,2025-04-07 18:18:41.971,18-25,female,"phone, tab",not concerned
752,2025-04-07 18:18:44.446,26-44,prefer not to say,"television, others",not concerned
753,2025-04-07 18:18:49.837,45 and above,male,computer,not concerned
754,2025-04-07 18:18:53.164,below 18,female,tab,somewhat concerned
755,2025-04-07 18:18:54.858,below 18,male,television,not concerned
756,2025-04-07 18:18:58.732,26-44,male,"tab, television",very concerned
757,2025-04-07 18:19:01.117,below 18,female,"tab, computer",not concerned
758,2025-04-07 18:19:06.448,45 and above,prefer not to say,"others, computer",very concerned
759,2025-04-07 18:19:09.681,45 and above,prefer not to say,computer,not concerned
760,2025-04-07 18:19:18.261,45 and above,prefer not to say,computer,very concerned
761,2025-04-07 18:19:23.638,45 and above,female,"computer, television",not concerned
762,2025-04-07 18:19:26.888,below 18,male,phone,very concerned
763,2025-04-07 18:19:29.884,18-25,female,others,somewhat concerned
764,2025-04-07 18:19:38.739,26-44,prefer not to say,"computer, phone",somewhat concerned
765,2025-04-07 18:19:42.858,45 and above,female,tab,somewhat concerned
766,2025-04-07 18:19:45.502,45 and above,prefer not to say,"television, tab",somewhat concerned
767,2025-04-07 18:19:47.887,18-25,female,phone,very concerned
768,2025-04-07 18:19:51.942,18-25,female,"others, tab",very concerned
769,2025-04-07 18:19:55.941,below 18,male,phone,not concerned
770,2025-04-07 18:20:00.867,below 18,prefer not to say,"phone, computer",very concerned
771,2025-04-07 18:20:20.105,below 18,male,"television, others",not concerned
772,2025-04-07 18:20:30.362,45 and above,female,computer,very concerned
773,2025-04-07 18:20:32.766,45 and above,male,others,somewhat concerned
774,2025-04-07 18:20:34.503,below 18,female,"tab, others",very concerned
775,2025-04-07 18:20:43.099,26-44,male,"computer, tab",not concerned
776,2025-04-07 18:20:44.847,below 18,prefer not to say,phone,somewhat concerned
777,2025-04-07 18:20:49.813,45 and above,male,television,very concerned
778,2025-04-07 18:21:00.765,18-25,male,"tab, phone",not concerned
779,2025-04-07 18:21:04.752,45 and above,female,tab,not concerned
780,2025-04-07 18:21:07.928,26-44,female,"computer, tab",very concerned
781,2025-04-07 18:21:11.115,18-25,prefer not to say,"others, tab",not concerned
782,2025-04-07 18:21:12.849,45 and above,male,television,somewhat concerned
783,2025-04-07 18:21:26.852,26-44,male,"tab, television",not concerned
784,2025-04-07 18:21:32.094,45 and above,male,tab,not concerned
785,2025-04-07 18:23:53.196,26-44,female,"computer, tab",not concerned
786,2025-04-07 18:23:54.861,18-25,female,television,somewhat concerned
787,2025-04-07 18:23:59.028,below 18,prefer not to say,computer,very concerned
788,2025-04-07 18:24:00.603,18-25,prefer not to say,"phone, computer",very concerned
789,2025-04-07 18:24:02.143,45 and above,prefer not to say,television,not concerned
790,2025-04-07 18:24:04.872,18-25,female,"tab, television",very concerned
791,2025-04-07 18:24:14.193,45 and above,female,"television, others",somewhat concerned
792,2025-04-07 18:24:17.931,26-44,prefer not to say,"television, phone",not concerned
793,2025-04-07 18:24:20.167,below 18,prefer not to say,"phone, others",somewhat concerned
794,2025-04-07 18:24:25.200,45 and above,prefer not to say,computer,not concerned
795,2025-04-07 18:24:34.619,45 and above,prefer not to say,"phone, tab",very concerned
796,2025-04-07 18:24:51.035,18-25,male,"computer, television",somewhat concerned
797,2025-04-07 18:24:52.613,18-25,female,tab,very concerned
798,2025-04-07 18:24:56.417,45 and above,prefer not to say,"others, television",somewhat concerned
799,2025-04-07 18:24:59.485,26-44,male,"phone, television",somewhat concerned
800,2025-04-07 18:25:04.403,26-44,male,"tab, computer",very concerned
801,2025-04-07 18:25:09.702,45 and above,male,"phone, computer",very concerned
802,2025-04-07 18:25:13.378,26-44,prefer not to say,"phone, tab",not concerned
803,2025-04-07 18:25:30.447,45 and above,prefer not to say,phone,very concerned
804,2025-04-07 18:25:32.007,below 18,male,"tab, phone",somewhat concerned
805,2025-04-07 18:25:35.724,18-25,male,"phone, television",very concerned
806,2025-04-07 18:25:45.525,18-25,prefer not to say,"television, phone",not concerned
807,2025-04-07 18:25:48.793,below 18,prefer not to say,"others, computer",very concerned
808,2025-04-07 18:25:51.800,18-25,male,tab,somewhat concerned
809,2025-04-07 18:26:02.291,45 and above,female,television,not concerned
810,2025-04-07 18:26:08.117,18-25,male,"computer, television",somewhat concerned
811,2025-04-07 18:26:13.999,18-25,female,television,somewhat concerned
812,2025-04-07 18:26:21.311,18-25,prefer not to say,"television, tab",very concerned
813,2025-04-07 18:26:22.887,26-44,prefer not to say,television,not concerned
814,2025-04-07 18:26:25.729,26-44,male,"tab, phone",not concerned
815,2025-04-07 18:26:28.081,26-44,female,television,somewhat concerned
816,2025-04-07 18:26:31.017,18-25,male,phone,somewhat concerned
817,2025-04-07 18:26:47.803,26-44,female,others,not concerned
818,2025-04-07 18:26:50.985,below 18,prefer not to say,"computer, others",very concerned
819,2025-04-07 18:26:53.939,45 and above,prefer not to say,television,somewhat concerned
820,2025-04-07 18:26:55.601,below 18,female,"television, phone",somewhat concerned
821,2025-04-07 18:26:58.504,45 and above,male,"computer, tab",very concerned
822,2025-04-07 18:27:06.002,below 18,female,computer,not concerned
823,2025-04-07 18:27:07.654,below 18,prefer not to say,computer,somewhat concerned
824,2025-04-07 18:27:10.644,below 18,male,"others, phone",somewhat concerned
825,2025-04-07 18:27:13.589,45 and above,male,"others, tab",somewhat concerned
826,2025-04-07 18:27:15.989,26-44,male,"computer, phone",not concerned
827,2025-04-07 18:27:17.564,45 and above,prefer not to say,tab,somewhat concerned
828,2025-04-07 18:27:26.939,45 and above,male,"tab, television",not concerned
829,2025-04-07 18:27:36.252,26-44,female,"phone, television",somewhat concerned
830,2025-04-07 18:27:37.814,45 and above,prefer not to say,"phone, television",not concerned
831,2025-04-07 18:27:41.632,18-25,male,others,somewhat concerned
832,2025-04-07 18:27:46.205,45 and above,prefer not to say,phone,somewhat concerned
833,2025-04-07 18:27:48.478,18-25,female,"phone, television",very concerned
834,2025-04-07 18:27:54.725,below 18,prefer not to say,"tab, phone",not concerned
835,2025-04-07 18:27:59.093,26-44,male,tab,not concerned
836,2025-04-07 18:28:05.045,26-44,male,"computer, phone",very concerned
837,2025-04-07 18:28:15.124,45 and above,female,"others, tab",somewhat concerned
838,2025-04-07 18:28:25.051,26-44,male,"others, television",very concerned
839,2025-04-07 18:28:27.979,18-25,prefer not to say,others,very concerned
840,2025-04-07 18:28:30.721,below 18,male,tab,not concerned
841,2025-04-07 18:28:34.334,18-25,male,tab,very concerned
842,2025-04-07 18:28:36.624,18-25,prefer not to say,"television, others",somewhat concerned
843,2025-04-07 18:28:42.909,18-25,prefer not to say,television,very concerned
844,2025-04-07 18:28:51.736,26-44,male,others,somewhat concerned
845,2025-04-07 18:28:58.418,18-25,prefer not to say,"phone, tab",somewhat concerned
846,2025-04-07 18:29:01.437,below 18,prefer not to say,computer,not concerned
847,2025-04-07 18:29:05.867,26-44,female,others,not concerned
848,2025-04-07 18:29:07.497,below 18,female,phone,not concerned
849,2025-04-07 18:29:13.475,45 and above,prefer not to say,others,not concerned
850,2025-04-07 18:29:17.996,18-25,prefer not to say,"computer, television",very concerned
851,2025-04-07 18:29:19.775,26-44,prefer not to say,"computer, television",somewhat concerned
852,2025-04-07 18:29:22.185,below 18,prefer not to say,computer,not concerned
853,2025-04-07 18:29:25.216,26-44,prefer not to say,"television, computer",not concerned
854,2025-04-07 18:29:30.999,45 and above,male,"phone, television",not concerned
855,2025-04-07 18:29:38.238,26-44,prefer not to say,"tab, television",very concerned
856,2025-04-07 18:29:39.822,45 and above,prefer not to say,"computer, phone",somewhat concerned
857,2025-04-07 18:29:46.803,18-25,male,"computer, television",very concerned
858,2025-04-07 18:30:11.499,18-25,female,"tab, television",not concerned
859,2025-04-07 18:30:20.754,26-44,male,television,very concerned
860,2025-04-07 18:30:38.723,below 18,male,television,not concerned
861,2025-04-07 18:30:45.137,below 18,female,"television, others",very concerned
862,2025-04-07 18:30:51.320,below 18,female,"others, computer",very concerned
863,2025-04-07 18:30:53.269,26-44,female,"television, others",not concerned
864,2025-04-07 18:30:57.803,18-25,male,"others, phone",very concerned
865,2025-04-07 18:31:00.557,45 and above,female,phone,not concerned
866,2025-04-07 18:31:04.928,26-44,prefer not to say,"computer, others",somewhat concerned
867,2025-04-07 18:31:07.843,45 and above,prefer not to say,"television, computer",very concerned
868,2025-04-07 18:31:11.389,below 18,male,"computer, tab",somewhat concerned
869,2025-04-07 18:31:13.307,below 18,male,computer,not concerned
870,2025-04-07 18:31:16.656,18-25,male,television,not concerned
871,2025-04-07 18:31:33.990,45 and above,male,"computer, others",not concerned
872,2025-04-07 18:31:44.004,below 18,male,others,somewhat concerned
873,2025-04-07 18:31:52.140,18-25,prefer not to say,computer,not concerned
874,2025-04-07 18:31:56.036,45 and above,male,"television, phone",somewhat concerned
875,2025-04-07 18:31:58.748,26-44,male,"others, television",very concerned
876,2025-04-07 18:32:02.296,below 18,male,"others, computer",very concerned
877,2025-04-07 18:32:04.076,26-44,male,"phone, tab",not concerned
878,2025-04-07 18:32:07.709,45 and above,prefer not to say,"tab, others",somewhat concerned
879,2025-04-07 18:32:10.554,45 and above,male,"phone, computer",somewhat concerned
880,2025-04-07 18:32:16.128,18-25,prefer not to say,"computer, tab",very concerned
881,2025-04-07 18:32:18.094,45 and above,male,computer,somewhat concerned
882,2025-04-07 18:32:20.024,below 18,male,tab,very concerned
883,2025-04-07 18:32:21.958,18-25,male,"computer, television",not concerned
884,2025-04-07 18:32:23.894,45 and above,male,computer,somewhat concerned
885,2025-04-07 18:32:31.098,45 and above,male,"tab, others",somewhat concerned
886,2025-04-07 18:32:39.130,18-25,prefer not to say,computer,somewhat concerned
887,2025-04-07 18:32:45.991,26-44,female,"phone, tab",not concerned
888,2025-04-07 18:32:50.025,18-25,prefer not to say,"television, phone",very concerned
889,2025-04-07 18:32:58.485,18-25,male,"computer, others",somewhat concerned
890,2025-04-07 18:33:02.079,26-44,prefer not to say,tab,somewhat concerned
891,2025-04-07 18:33:07.734,26-44,prefer not to say,others,very concerned
892,2025-04-07 18:33:12.673,below 18,female,television,very concerned
893,2025-04-07 18:33:16.223,below 18,female,computer,very concerned
894,2025-04-07 18:33:19.919,18-25,female,television,somewhat concerned
895,2025-04-07 18:33:27.290,45 and above,prefer not to say,phone,not concerned
896,2025-04-07 18:33:29.168,below 18,female,"others, phone",somewhat concerned
897,2025-04-07 18:33:38.712,below 18,female,"others, phone",somewhat concerned
898,2025-04-07 18:33:51.894,18-25,female,"phone, computer",not concerned
899,2025-04-07 18:34:01.109,below 18,female,"tab, television",not concerned
900,2025-04-07 18:34:09.234,26-44,female,"television, others",somewhat concerned
901,2025-04-07 18:34:16.879,below 18,male,"others, tab",somewhat concerned
902,2025-04-07 18:34:21.406,26-44,female,phone,somewhat concerned
903,2025-04-07 18:34:24.215,below 18,male,television,somewhat concerned
904,2025-04-07 18:34:24.000,26-44,female,"phone, others",somewhat concerned
905,2025-04-07 18:34:36.400,below 18,male,"others, computer",not concerned
906,2025-04-07 18:34:44.866,26-44,male,computer,not concerned
907,2025-04-07 18:34:46.768,45 and above,male,"others, television",very concerned
908,2025-04-07 18:34:50.635,45 and above,male,tab,not concerned
909,2025-04-07 18:34:56.124,45 and above,male,"television, tab",not concerned
910,2025-04-07 18:35:09.552,18-25,prefer not to say,"others, television",not concerned
911,2025-04-07 18:35:10.719,26-44,male,"phone, tab",somewhat concerned
912,2025-04-07 18:35:12.325,below 18,male,tab,somewhat concerned
913,2025-04-07 18:35:14.248,18-25,female,others,very concerned
914,2025-04-07 18:35:24.262,45 and above,male,"computer, phone",very concerned
915,2025-04-07 18:35:38.472,26-44,female,"others, television",somewhat concerned
916,2025-04-07 18:35:45.671,18-25,prefer not to say,"others, computer",not concerned
917,2025-04-07 18:35:50.486,26-44,prefer not to say,"phone, others",not concerned
918,2025-04-07 18:35:56.984,18-25,female,"phone, others",somewhat concerned
919,2025-04-07 18:35:58.895,18-25,male,"phone, others",not concerned
920,2025-04-07 18:36:20.746,below 18,female,others,somewhat concerned
921,2025-04-07 18:36:39.046,26-44,prefer not to say,phone,somewhat concerned
922,2025-04-07 18:36:46.199,26-44,prefer not to say,computer,not concerned
923,2025-04-07 18:36:51.697,below 18,male,others,very concerned
924,2025-04-07 18:36:56.331,26-44,prefer not to say,"phone, others",somewhat concerned
925,2025-04-07 18:37:01.991,45 and above,prefer not to say,phone,very concerned
926,2025-04-07 18:37:12.874,below 18,female,"phone, tab",not concerned
927,2025-04-07 18:37:22.315,45 and above,male,phone,somewhat concerned
928,2025-04-07 18:37:26.710,18-25,male,computer,very concerned
929,2025-04-07 18:37:28.347,45 and above,female,"phone, computer",very concerned
930,2025-04-07 18:37:29.989,18-25,male,tab,very concerned
931,2025-04-07 18:37:37.371,26-44,female,phone,somewhat concerned
932,2025-04-07 18:37:38.891,45 and above,male,"tab, television",very concerned
933,2025-04-07 18:37:40.665,45 and above,prefer not to say,"phone, others",not concerned
934,2025-04-07 18:37:46.803,18-25,prefer not to say,television,very concerned
935,2025-04-07 18:37:50.764,18-25,female,"phone, television",somewhat concerned
936,2025-04-07 18:37:55.289,18-25,male,"tab, computer",somewhat concerned
937,2025-04-07 18:38:07.356,below 18,female,computer,somewhat concerned
938,2025-04-07 18:38:10.993,26-44,female,phone,somewhat concerned
939,2025-04-07 18:38:17.564,18-25,male,"tab, phone",somewhat concerned
940,2025-04-07 18:38:19.208,26-44,male,tab,very concerned
941,2025-04-07 18:38:22.799,below 18,female,"others, computer",somewhat concerned
942,2025-04-07 18:38:27.259,26-44,female,tab,very concerned
943,2025-04-07 18:38:28.945,45 and above,female,"phone, television",very concerned
944,2025-04-07 18:38:34.391,45 and above,male,"phone, computer",not concerned
945,2025-04-07 18:38:44.313,26-44,male,"phone, others",somewhat concerned
946,2025-04-07 18:38:45.065,18-25,prefer not to say,"television, phone",somewhat concerned
947,2025-04-07 18:38:46.649,26-44,prefer not to say,"computer, tab",very concerned
948,2025-04-07 18:38:53.527,below 18,male,tab,very concerned
949,2025-04-07 18:38:56.185,26-44,female,others,not concerned
950,2025-04-07 18:39:00.756,26-44,prefer not to say,television,somewhat concerned
951,2025-04-07 18:39:10.855,18-25,male,tab,not concerned
952,2025-04-07 18:39:12.531,45 and above,male,"others, tab",very concerned
953,2025-04-07 18:39:20.717,26-44,male,others,not concerned
954,2025-04-07 18:39:24.631,45 and above,female,"others, phone",somewhat concerned
955,2025-04-07 18:39:26.318,26-44,prefer not to say,"tab, phone",not concerned
956,2025-04-07 18:39:26.949,18-25,prefer not to say,"phone, others",not concerned
957,2025-04-07 18:39:32.158,45 and above,male,"others, tab",not concerned
958,2025-04-07 18:39:34.881,18-25,prefer not to say,others,somewhat concerned
959,2025-04-07 18:39:37.497,45 and above,female,computer,somewhat concerned
960,2025-04-07 18:39:39.174,45 and above,male,tab,somewhat concerned
961,2025-04-07 18:39:40.892,18-25,female,"computer, phone",somewhat concerned
962,2025-04-07 18:39:43.238,26-44,female,tab,very concerned
963,2025-04-07 18:39:43.363,below 18,male,phone,not concerned
964,2025-04-07 18:39:46.089,18-25,female,others,not concerned
965,2025-04-07 18:39:49.937,18-25,female,phone,very concerned
966,2025-04-07 18:39:55.283,below 18,male,television,not concerned
967,2025-04-07 18:39:58.978,26-44,prefer not to say,"phone, tab",very concerned
968,2025-04-07 18:40:02.170,18-25,prefer not to say,"others, television",very concerned
969,2025-04-07 18:40:06.876,26-44,prefer not to say,television,very concerned
970,2025-04-07 18:40:07.534,18-25,female,television,very concerned
971,2025-04-07 18:40:08.608,18-25,male,"others, computer",somewhat concerned
972,2025-04-07 18:40:14.640,26-44,male,"computer, tab",not concerned
973,2025-04-07 18:40:19.711,below 18,female,"television, phone",not concerned
974,2025-04-07 18:40:22.935,45 and above,male,tab,very concerned
975,2025-04-07 18:40:25.102,below 18,male,others,somewhat concerned
976,2025-04-07 18:40:29.768,26-44,prefer not to say,others,not concerned
977,2025-04-07 18:40:30.729,45 and above,male,phone,very concerned
978,2025-04-07 18:40:32.596,45 and above,male,phone,not concerned
979,2025-04-07 18:40:32.852,45 and above,prefer not to say,others,not concerned
980,2025-04-07 18:40:40.658,26-44,male,"television, computer",not concerned
981,2025-04-07 18:40:47.229,26-44,prefer not to say,phone,very concerned
982,2025-04-07 18:40:48.859,26-44,prefer not to say,"phone, computer",somewhat concerned
983,2025-04-07 18:40:57.618,18-25,female,"phone, tab",very concerned
984,2025-04-07 18:40:59.539,26-44,prefer not to say,computer,very concerned
985,2025-04-07 18:41:01.267,18-25,female,"television, others",very concerned
986,2025-04-07 18:41:01.435,45 and above,prefer not to say,"others, tab",not concerned
987,2025-04-07 18:41:10.897,26-44,female,"phone, television",somewhat concerned
988,2025-04-07 18:41:13.461,below 18,female,"tab, others",somewhat concerned
989,2025-04-07 18:41:14.947,18-25,female,others,very concerned
990,2025-04-07 18:41:16.080,18-25,prefer not to say,tab,somewhat concerned
991,2025-04-07 18:41:20.538,26-44,prefer not to say,tab,not concerned
992,2025-04-07 18:41:22.888,18-25,female,others,somewhat concerned
993,2025-04-07 18:41:26.785,18-25,prefer not to say,"phone, tab",very concerned
994,2025-04-07 18:41:30.038,below 18,female,television,very concerned
995,2025-04-07 18:41:32.126,26-44,prefer not to say,television,not concerned
996,2025-04-07 18:41:34.913,26-44,prefer not to say,"tab, computer",very concerned
997,2025-04-07 18:41:36.430,45 and above,prefer not to say,computer,very concerned
998,2025-04-07 18:41:38.124,below 18,female,"television, tab",not concerned
999,2025-04-07 18:41:40.459,below 18,prefer not to say,"computer, others",very concerned
1000,2025-04-07 18:41:47.426,45 and above,prefer not to say,"phone, others",somewhat concerned
1001,2025-04-07 18:41:50.739,45 and above,prefer not to say,"television, phone",somewhat concerned
1002,2025-04-07 18:41:54.333,18-25,female,television,somewhat concerned
1003,2025-04-07 18:41:56.204,below 18,prefer not to say,"tab, television",not concerned
1004,2025-04-07 18:42:02.267,18-25,prefer not to say,"phone, tab",somewhat concerned
1005,2025-04-07 18:42:04.412,below 18,prefer not to say,computer,somewhat concerned
1006,2025-04-07 18:42:05.025,45 and above,female,tab,very concerned
1007,2025-04-07 18:42:09.882,18-25,prefer not to say,others,not concerned
1008,2025-04-07 18:42:11.575,26-44,prefer not to say,"phone, others",not concerned
1009,2025-04-07 18:42:14.638,45 and above,male,"others, phone",somewhat concerned
1010,2025-04-07 18:42:38.068,26-44,male,"tab, phone",not concerned
1011,2025-04-07 18:42:45.998,26-44,male,"television, phone",somewhat concerned
1012,2025-04-07 18:42:49.704,below 18,male,"computer, phone",very concerned
1013,2025-04-07 18:42:53.497,26-44,male,tab,somewhat concerned
1014,2025-04-07 18:43:02.403,45 and above,prefer not to say,television,not concerned
1015,2025-04-07 18:43:04.354,45 and above,female,"others, phone",not concerned
1016,2025-04-07 18:43:15.365,below 18,prefer not to say,computer,somewhat concerned
1017,2025-04-07 18:43:20.619,18-25,prefer not to say,television,somewhat concerned
1018,2025-04-07 18:43:25.891,18-25,prefer not to say,tab,very concerned
1019,2025-04-07 18:43:28.697,45 and above,female,"others, television",not concerned
1020,2025-04-07 18:43:33.136,18-25,prefer not to say,"television, phone",somewhat concerned
1021,2025-04-07 18:43:42.570,18-25,prefer not to say,"others, television",very concerned
1022,2025-04-07 18:44:15.130,45 and above,prefer not to say,"television, computer",not concerned
1023,2025-04-07 18:44:27.424,26-44,female,"others, tab",very concerned
1024,2025-04-07 18:44:35.259,26-44,prefer not to say,"tab, others",not concerned
1025,2025-04-07 18:44:39.796,below 18,prefer not to say,television,not concerned
1026,2025-04-07 18:44:41.703,45 and above,prefer not to say,phone,not concerned
1027,2025-04-07 18:44:44.564,below 18,prefer not to say,phone,somewhat concerned
1028,2025-04-07 18:44:50.880,below 18,prefer not to say,"tab, television",very concerned
1029,2025-04-07 18:44:58.948,26-44,male,"others, computer",not concerned
1030,2025-04-07 18:45:01.724,below 18,female,tab,not concerned
1031,2025-04-07 18:45:08.412,below 18,prefer not to say,others,somewhat concerned
1032,2025-04-07 18:45:12.666,45 and above,female,"phone, computer",very concerned
1033,2025-04-07 18:45:18.911,below 18,male,"computer, phone",very concerned
1034,2025-04-07 18:45:21.658,18-25,female,"phone, tab",very concerned
1035,2025-04-07 18:46:15.552,26-44,female,"television, tab",not concerned
1036,2025-04-07 18:46:24.439,45 and above,female,"computer, others",somewhat concerned
1037,2025-04-07 18:46:27.829,45 and above,male,"computer, television",not concerned
1038,2025-04-07 18:46:33.526,below 18,male,"tab, phone",somewhat concerned
1039,2025-04-07 18:46:47.589,45 and above,prefer not to say,"phone, computer",somewhat concerned
1040,2025-04-07 18:46:53.354,below 18,male,tab,somewhat concerned
1041,2025-04-07 18:47:00.354,26-44,male,computer,not concerned
1042,2025-04-07 18:47:03.621,26-44,prefer not to say,computer,not concerned
1043,2025-04-07 18:47:09.152,45 and above,prefer not to say,television,somewhat concerned
1044,2025-04-07 18:47:27.614,45 and above,male,others,not concerned
1045,2025-04-07 18:47:39.335,45 and above,female,television,not concerned
1046,2025-04-07 18:47:55.353,18-25,female,phone,very concerned
1047,2025-04-07 18:48:12.250,26-44,prefer not to say,computer,not concerned
1048,2025-04-07 18:48:16.793,26-44,male,"television, others",somewhat concerned
1049,2025-04-07 18:48:22.346,18-25,prefer not to say,others,very concerned
1050,2025-04-07 18:48:54.379,45 and above,female,others,somewhat concerned
1051,2025-04-07 18:49:01.383,below 18,female,"tab, computer",very concerned
1052,2025-04-07 18:49:09.803,below 18,male,computer,very concerned
1053,2025-04-07 18:49:12.942,18-25,male,computer,somewhat concerned
1054,2025-04-07 18:49:32.069,26-44,female,"computer, tab",not concerned
1055,2025-04-07 18:49:35.178,below 18,male,"computer, tab",very concerned
1056,2025-04-07 18:49:50.122,26-44,male,others,somewhat concerned
1057,2025-04-07 18:49:54.695,18-25,male,others,not concerned
1058,2025-04-07 18:50:04.125,below 18,prefer not to say,"others, phone",very concerned
1059,2025-04-07 18:50:21.916,45 and above,male,others,somewhat concerned
1060,2025-04-07 18:50:28.995,below 18,male,television,very concerned
1061,2025-04-07 18:50:34.670,26-44,female,"television, computer",not concerned
1062,2025-04-07 18:50:41.706,45 and above,prefer not to say,television,very concerned
1063,2025-04-07 18:50:48.886,below 18,male,"television, tab",very concerned
1064,2025-04-07 18:50:57.363,18-25,female,"phone, others",somewhat concerned
