account_id;timestamp;age_range;gender;device;loss_times;loss_reason;recovered;security_level
1;2025-02-24 21:56:28.576;18-25;female;phone;1;weak password;yes;medium
2;2025-02-24 21:59:02.337;below 18;female;others;1;weak password;yes;medium
3;2025-02-24 21:59:55.951;below 18;female;phone;2;phishing;no;low
4;2025-02-24 22:05:08.478;below 18;female;phone;2;phishing;no;low
5;2025-02-24 22:07:51.269;45 and above;male;computer, television, phone;2;phishing;no;low
6;2025-02-24 22:08:53.121;18-25;male;computer;1;weak password;yes;medium
8;2025-02-24 22:15:02.521;45 and above;female;television, phone;1;weak password;yes;medium
10;2025-02-24 22:43:53.453;26-44;female;phone;2;phishing;no;low
11;2025-02-24 22:51:38.921;18-25;female;phone;2;phishing;no;low
12;2025-02-24 23:18:22.998;26-44;male;computer, television, phone;2;phishing;no;low
13;2025-02-25 09:50:45.527;26-44;female;television, phone;2;phishing;no;low
14;2025-03-03 08:45:41.315;45 and above;female;television;1;weak password;yes;medium
15;2025-03-03 08:48:48.119;below 18;female;computer;2;phishing;no;low
16;2025-03-03 08:49:13.431;18-25;female;television;2;phishing;no;low
17;2025-03-03 08:49:26.281;26-44;male;computer, television, phone;2;phishing;no;low
18;2025-03-03 08:49:41.906;26-44;male;tab;1;weak password;yes;medium
19;2025-03-03 08:49:58.784;18-25;male;phone;1;weak password;yes;medium
20;2025-03-03 08:50:50.348;18-25;female;computer;1;weak password;yes;medium
21;2025-03-03 08:51:20.922;18-25;male;tab;1;weak password;yes;medium
22;2025-03-03 08:52:01.555;18-25;female;others;2;phishing;no;low
23;2025-03-03 08:52:12.128;18-25;female;television, tab;1;weak password;yes;medium
24;2025-03-03 08:52:38.697;18-25;female;television;1;weak password;yes;medium
25;2025-03-03 08:56:14.018;18-25;female;television;1;weak password;yes;medium
26;2025-03-03 08:56:39.711;18-25;male;tab;2;phishing;no;low
27;2025-03-03 08:56:40.073;26-44;male;phone, tab;1;weak password;yes;medium
28;2025-03-03 08:57:20.510;26-44;male;computer, television, phone;2;phishing;no;low
29;2025-03-03 08:57:21.941;18-25;male;phone;1;weak password;yes;medium
30;2025-03-03 08:57:51.470;below 18;female;computer, television, tab;1;weak password;yes;medium
31;2025-03-03 08:58:01.996;18-25;female;television;1;weak password;yes;medium
32;2025-03-03 08:58:14.628;18-25;male;computer, television, phone;1;weak password;yes;medium
33;2025-03-03 08:58:30.940;45 and above;male;phone;2;phishing;no;low
34;2025-03-03 08:58:38.670;26-44;male;tab;1;weak password;yes;medium
36;2025-03-03 08:59:31.643;below 18;male;television, tab;1;weak password;yes;medium
37;2025-03-03 09:00:02.262;18-25;female;television;1;weak password;yes;medium
38;2025-03-03 09:00:30.701;18-25;female;computer, phone, tab;1;weak password;yes;medium
39;2025-03-03 09:44:00.700;45 and above;male;phone;1;weak password;yes;medium
40;2025-03-03 09:44:48.927;18-25;female;others;2;phishing;no;low
41;2025-03-03 09:46:03.498;26-44;female;television;2;phishing;no;low
42;2025-03-03 09:47:12.240;below 18;male;tab;1;weak password;yes;medium
43;2025-03-03 09:48:06.116;45 and above;female;phone, tab;1;weak password;yes;medium
44;2025-03-03 09:51:14.856;18-25;male;television, phone;1;weak password;yes;medium
45;2025-03-03 09:51:47.462;26-44;male;television, tab;2;phishing;no;low
46;2025-03-03 12:45:00.173;18-25;female;television, phone, tab;1;weak password;yes;medium
47;2025-03-03 13:28:12.973;18-25;female;computer, phone;2;phishing;no;low
48;2025-03-03 20:46:59.681;below 18;female;phone;1;weak password;yes;medium
49;2025-03-03 20:48:37.593;18-25;female;computer, television, phone, tab;1;weak password;yes;medium
50;2025-03-03 20:50:04.995;18-25;female;computer, phone, tab;1;weak password;yes;medium
51;2025-03-03 20:51:49.303;18-25;female;television, phone;1;weak password;yes;medium
52;2025-03-03 20:52:47.436;18-25;male;television;2;phishing;no;low
53;2025-03-03 20:53:27.330;18-25;female;phone;1;weak password;yes;medium
54;2025-03-03 20:53:50.447;26-44;male;computer, television;1;weak password;yes;medium
55;2025-03-03 20:57:29.829;18-25;male;computer, television, phone, tab;2;phishing;no;low
56;2025-03-03 20:59:08.760;18-25;female;computer, phone;1;weak password;yes;medium
57;2025-03-03 21:06:03.625;18-25;female;phone, tab;2;phishing;no;low
58;2025-03-03 21:08:48.267;45 and above;male;computer, phone;1;weak password;yes;medium
60;2025-03-03 21:11:49.924;26-44;female;phone;1;weak password;yes;medium
61;2025-03-03 21:12:08.708;below 18;female;television;2;phishing;no;low
62;2025-03-03 21:13:25.323;18-25;male;computer, phone, tab;1;weak password;yes;medium
64;2025-03-03 21:37:15.154;26-44;male;computer, phone;2;phishing;no;low
65;2025-03-03 21:38:09.411;26-44;female;computer, television, phone, tab;2;phishing;no;low
66;2025-03-03 21:38:22.299;45 and above;female;television, phone, others;1;weak password;yes;medium
67;2025-03-03 21:38:38.468;45 and above;male;phone, tab;2;phishing;no;low
68;2025-03-03 21:38:59.364;18-25;male;television;1;weak password;yes;medium
69;2025-03-03 21:39:29.816;26-44;male;phone;2;phishing;no;low
71;2025-03-03 21:40:09.094;below 18;male;phone, tab;1;weak password;yes;medium
72;2025-03-03 21:40:31.899;26-44;female;television, phone, tab;2;phishing;no;low
73;2025-03-03 21:41:01.012;26-44;female;phone;1;weak password;yes;medium
74;2025-03-03 21:41:19.910;18-25;male;television, phone, tab;2;phishing;no;low
75;2025-03-03 21:41:25.466;18-25;female;phone, tab;2;phishing;no;low
76;2025-03-03 21:41:34.467;below 18;male;television, tab;1;weak password;yes;medium
77;2025-03-03 21:41:59.966;below 18;male;computer, television, phone, tab, others;1;weak password;yes;medium
78;2025-03-03 21:42:05.906;26-44;female;computer, television, tab, others;1;weak password;yes;medium
79;2025-03-03 21:42:17.835;26-44;male;computer, phone;2;phishing;no;low
80;2025-03-03 21:42:42.820;26-44;male;computer, television, tab;1;weak password;yes;medium
81;2025-03-03 21:42:56.482;45 and above;female;computer, television, phone, tab, others;2;phishing;no;low
82;2025-03-03 21:43:13.373;26-44;male;computer, tab, others;1;weak password;yes;medium
83;2025-03-03 21:43:46.294;26-44;female;television, phone, others;1;weak password;yes;medium
84;2025-03-03 21:45:37.630;below 18;female;phone, tab;1;weak password;yes;medium
85;2025-03-03 21:46:04.601;26-44;prefer not to say;computer, television, phone, tab, others;1;weak password;yes;medium
86;2025-03-03 21:46:49.086;45 and above;female;television, phone;2;phishing;no;low
87;2025-03-03 21:48:09.256;26-44;male;computer, television, phone;2;phishing;no;low
88;2025-03-03 21:49:02.584;18-25;male;phone, tab;1;weak password;yes;medium
89;2025-03-03 21:49:08.814;18-25;prefer not to say;computer, television, phone, tab, others;2;phishing;no;low
90;2025-03-03 21:49:25.578;18-25;male;computer, television, tab, others;2;phishing;no;low
91;2025-03-03 21:49:32.217;26-44;female;computer, television, phone, tab, others;1;weak password;yes;medium
92;2025-03-03 21:49:55.603;26-44;female;phone, tab;2;phishing;no;low
93;2025-03-03 21:50:45.768;26-44;female;computer, television, others;1;weak password;yes;medium
94;2025-03-03 21:51:01.513;below 18;male;phone, tab;1;weak password;yes;medium
95;2025-03-03 21:51:32.531;18-25;male;computer, phone, others;1;weak password;yes;medium
96;2025-03-03 21:52:10.787;18-25;female;computer, television, tab;1;weak password;yes;medium
97;2025-03-03 21:52:16.524;below 18;male;phone, tab;2;phishing;no;low
98;2025-03-03 21:52:26.425;26-44;male;computer, phone;2;phishing;no;low
99;2025-03-03 21:52:30.178;45 and above;prefer not to say;phone, tab;1;weak password;yes;medium
100;2025-03-03 21:52:46.143;below 18;female;computer, television, phone, others;2;phishing;no;low
101;2025-03-03 21:54:04.621;26-44;female;computer, television, others;1;weak password;yes;medium
102;2025-03-03 21:54:46.374;26-44;male;television, phone, tab;1;weak password;yes;medium
103;2025-03-03 21:54:49.410;18-25;female;television, phone;2;phishing;no;low
104;2025-03-03 21:55:32.705;18-25;female;computer, television, phone, tab;1;weak password;yes;medium
105;2025-03-03 21:56:02.632;26-44;male;television, tab;1;weak password;yes;medium
107;2025-03-03 21:56:59.651;18-25;female;television;1;weak password;yes;medium
108;2025-03-03 21:57:17.371;45 and above;female;phone, tab;1;weak password;yes;medium
110;2025-03-03 21:57:39.092;26-44;male;computer, television, phone, tab;1;weak password;yes;medium
111;2025-03-03 21:58:16.120;18-25;female;computer, phone;1;weak password;yes;medium
112;2025-03-03 21:58:33.543;18-25;male;television, phone;1;weak password;yes;medium
113;2025-03-03 21:58:58.571;below 18;female;phone;1;weak password;yes;medium
114;2025-03-03 21:59:36.517;18-25;male;computer, phone, others;2;phishing;no;low
115;2025-03-03 22:00:09.227;26-44;male;computer, television, phone, tab;1;weak password;yes;medium
116;2025-03-03 22:00:09.303;18-25;prefer not to say;computer, television, phone;1;weak password;yes;medium
117;2025-03-03 22:00:17.097;26-44;male;computer, television, phone, others;1;weak password;yes;medium
119;2025-03-03 22:01:45.547;below 18;male;computer, phone;2;phishing;no;low
120;2025-03-03 22:01:46.515;26-44;prefer not to say;phone, tab;1;weak password;yes;medium
121;2025-03-03 22:02:28.412;18-25;female;television, phone, tab;1;weak password;yes;medium
122;2025-03-03 22:02:57.608;45 and above;prefer not to say;computer, television, phone, tab;1;weak password;yes;medium
123;2025-03-03 22:03:15.796;18-25;female;television, phone;1;weak password;yes;medium
125;2025-03-03 22:03:36.052;45 and above;female;phone;1;weak password;yes;medium
126;2025-03-03 22:04:26.129;18-25;male;television, phone;1;weak password;yes;medium
128;2025-03-03 22:04:45.127;below 18;female;phone;1;weak password;yes;medium
129;2025-03-03 22:07:34.125;18-25;male;computer, television, tab;1;weak password;yes;medium
130;2025-03-03 22:07:40.215;26-44;male;phone, tab;1;weak password;yes;medium
131;2025-03-04 07:22:19.975;26-44;female;computer, television, phone;2;phishing;no;low
132;2025-03-04 07:54:09.815;26-44;male;computer, television, phone;1;weak password;yes;medium
133;2025-03-04 08:02:14.736;26-44;male;computer, television, phone, tab, others;1;weak password;yes;medium
134;2025-03-04 08:41:49.570;18-25;female;television, phone, tab;1;weak password;yes;medium
135;2025-03-04 08:50:07.898;26-44;female;phone;2;phishing;no;low
136;2025-03-04 20:28:34.267;45 and above;female;computer, television, phone, tab, others;2;phishing;no;low
137;2025-03-10 08:10:50.607;26-44;female;television, phone, others;2;phishing;no;low
138;2025-03-10 08:11:35.546;26-44;male;phone, others;1;weak password;yes;medium
139;2025-03-10 08:12:12.429;18-25;female;television;1;weak password;yes;medium
140;2025-03-10 08:12:50.656;45 and above;male;phone, others;1;weak password;yes;medium
141;2025-03-10 08:24:22.451;45 and above;female;computer, phone, tab;1;weak password;yes;medium
142;2025-03-10 08:25:09.796;18-25;male;television, tab;1;weak password;yes;medium
143;2025-03-10 08:25:51.161;18-25;male;television, tab;1;weak password;yes;medium
144;2025-03-10 08:26:27.627;18-25;female;computer, television, phone, tab;1;weak password;yes;medium
145;2025-03-10 08:27:00.573;26-44;female;computer, television, tab;1;weak password;yes;medium
146;2025-03-10 08:27:31.863;26-44;female;computer, phone, others;1;weak password;yes;medium
147;2025-03-10 08:28:41.751;18-25;male;computer, television, phone;1;weak password;yes;medium
149;2025-03-10 08:29:48.380;below 18;female;computer, phone, others;1;weak password;yes;medium
150;2025-03-10 08:30:25.447;26-44;male;computer, television, tab;1;weak password;yes;medium
151;2025-03-10 08:30:59.412;18-25;female;tab;1;weak password;yes;medium
152;2025-03-10 08:32:55.221;18-25;female;computer, phone, others;1;weak password;yes;medium
153;2025-03-10 08:35:54.045;18-25;female;television;1;weak password;yes;medium
154;2025-03-10 08:39:27.373;18-25;female;television;1;weak password;yes;medium
155;2025-03-10 08:40:25.990;18-25;female;phone;1;weak password;yes;medium
156;2025-03-10 08:41:12.804;18-25;male;phone;1;weak password;yes;medium
157;2025-03-10 08:41:16.203;26-44;female;computer;1;weak password;yes;medium
158;2025-03-10 08:41:43.850;45 and above;female;television, tab;1;weak password;yes;medium
159;2025-03-10 08:41:44.602;45 and above;male;phone;1;weak password;yes;medium
160;2025-03-10 08:42:11.224;45 and above;male;television;1;weak password;yes;medium
161;2025-03-10 08:42:20.009;26-44;male;television, tab;1;weak password;yes;medium
162;2025-03-10 08:42:39.464;below 18;male;television;1;weak password;yes;medium
163;2025-03-10 08:42:49.832;26-44;female;television, phone, tab;1;weak password;yes;medium
164;2025-03-10 08:43:20.880;45 and above;female;computer, tab, others;1;weak password;yes;medium
165;2025-03-10 08:43:56.966;below 18;female;computer, television;2;phishing;no;low
166;2025-03-10 08:44:01.825;18-25;female;computer;2;phishing;no;low
167;2025-03-10 08:44:31.101;18-25;female;television, phone, tab;1;weak password;yes;medium
168;2025-03-10 08:45:02.749;45 and above;male;phone;1;weak password;yes;medium
169;2025-03-10 08:45:34.618;below 18;female;computer, television, tab;2;phishing;no;low
170;2025-03-10 08:50:59.512;18-25;female;television, phone, others;1;weak password;yes;medium
171;2025-03-10 08:51:27.410;below 18;female;phone;1;weak password;yes;medium
172;2025-03-10 08:51:56.180;below 18;female;television, phone, others;1;weak password;yes;medium
173;2025-03-10 08:53:28.223;18-25;female;television, phone;1;weak password;yes;medium
174;2025-03-10 08:54:57.566;18-25;male;television, phone, tab;1;weak password;yes;medium
175;2025-03-10 08:55:24.157;26-44;female;television, phone;1;weak password;yes;medium
176;2025-03-10 08:55:51.352;18-25;female;computer, television, phone;1;weak password;yes;medium
177;2025-03-10 08:56:21.690;18-25;female;computer, television, phone;1;weak password;yes;medium
178;2025-03-10 09:43:50.319;below 18;male;computer, phone;1;weak password;yes;medium
180;2025-03-10 09:44:53.325;18-25;female;television, tab;1;weak password;yes;medium
181;2025-03-10 09:45:26.439;18-25;female;computer, phone, tab;1;weak password;yes;medium
182;2025-03-10 09:46:00.809;26-44;male;tab;1;weak password;yes;medium
184;2025-03-10 09:47:19.387;below 18;female;computer, television, phone;1;weak password;yes;medium
185;2025-03-10 09:47:52.767;45 and above;male;computer, television, phone;1;weak password;yes;medium
186;2025-03-10 09:48:19.368;18-25;male;computer, television, tab;2;phishing;no;low
187;2025-03-10 09:49:08.830;26-44;female;computer, phone;1;weak password;yes;medium
188;2025-03-10 09:49:38.414;18-25;male;phone;1;weak password;yes;medium
189;2025-03-10 09:50:11.528;below 18;female;computer, television, phone;2;phishing;no;low
190;2025-03-10 09:50:46.858;26-44;male;tab;1;weak password;yes;medium
191;2025-03-10 10:09:33.508;18-25;male;computer, phone;1;weak password;yes;medium
192;2025-03-10 10:10:39.765;26-44;female;computer, television;1;weak password;yes;medium
193;2025-03-10 10:11:25.137;45 and above;female;television, phone;2;phishing;no;low
194;2025-03-10 10:11:54.548;26-44;male;computer, television, phone;1;weak password;yes;medium
195;2025-03-10 10:13:11.416;below 18;male;computer, television, phone;2;phishing;no;low
196;2025-03-10 10:13:43.818;18-25;male;computer, phone;1;weak password;yes;medium
197;2025-03-10 10:14:48.616;18-25;male;computer, phone;1;weak password;yes;medium
198;2025-03-10 10:15:23.469;45 and above;male;phone;1;weak password;yes;medium
199;2025-03-11 10:08:55.258;below 18;female;television, phone;1;weak password;yes;medium
200;2025-03-11 10:17:27.921;45 and above;prefer not to say;computer, television, phone, tab, others;1;weak password;yes;medium
201;2025-03-11 10:36:58.836;18-25;male;computer, phone;1;weak password;yes;medium
202;2025-03-11 10:45:26.560;26-44;prefer not to say;others;1;weak password;yes;medium
204;2025-03-11 11:00:23.134;18-25;female;phone;2;phishing;no;low
205;2025-03-11 11:01:16.201;below 18;male;television;1;weak password;yes;medium
206;2025-03-11 11:06:52.571;18-25;female;phone;1;weak password;yes;medium
207;2025-03-11 11:42:05.139;26-44;male;tab;1;weak password;yes;medium
208;2025-03-11 18:23:42.509;18-25;female;television, phone, tab;2;phishing;no;low
209;2025-03-14 21:19:41.166;18-25;prefer not to say;phone;1;weak password;yes;medium
210;2025-03-14 21:22:46.215;26-44;male;phone, tab;1;weak password;yes;medium
211;2025-03-14 21:25:17.126;26-44;female;phone;1;weak password;yes;medium
213;2025-03-14 21:30:19.851;18-25;female;television;1;weak password;yes;medium
214;2025-03-14 21:33:37.100;18-25;prefer not to say;television, phone;1;weak password;yes;medium
215;2025-03-14 21:35:01.249;18-25;prefer not to say;computer, phone;1;weak password;yes;medium
216;2025-03-14 21:35:49.433;18-25;prefer not to say;phone;1;weak password;yes;medium
218;2025-03-14 21:37:23.449;26-44;male;phone;2;phishing;no;low
219;2025-03-14 21:37:39.814;26-44;prefer not to say;phone, tab;2;phishing;no;low
220;2025-03-14 21:39:12.510;45 and above;prefer not to say;tab;2;phishing;no;low
221;2025-03-14 21:39:14.880;18-25;female;phone;1;weak password;yes;medium
222;2025-04-07 10:50:42.373;below 18;female;computer, phone;2;phishing;no;low
223;2025-04-07 10:51:21.223;26-44;female;television, phone;1;weak password;yes;medium
224;2025-04-07 10:52:05.124;18-25;male;computer, phone, others;2;phishing;no;low
225;2025-04-07 10:52:47.652;18-25;male;computer, television, phone, tab;1;weak password;yes;medium
226;2025-04-07 10:53:28.362;26-44;male;computer, phone;1;weak password;yes;medium
228;2025-04-07 10:55:14.590;26-44;female;computer, phone, others;1;weak password;yes;medium
229;2025-04-07 14:07:28.416;18-25;female;computer, phone;2;phishing;no;low
230;2025-04-07 14:07:54.584;26-44;male;computer, television, phone, tab;1;weak password;yes;medium
232;2025-04-07 14:08:54.957;26-44;female;computer, television, tab;1;weak password;yes;medium
233;2025-04-07 14:09:51.498;26-44;male;computer, phone;1;weak password;yes;medium
234;2025-04-07 14:10:19.983;45 and above;prefer not to say;computer, television, others;1;weak password;yes;medium
235;2025-04-07 14:16:01.762;below 18;female;television;1;weak password;yes;medium
236;2025-04-07 14:16:06.186;18-25;male;computer, tab;1;weak password;yes;medium
237;2025-04-07 14:16:30.890;26-44;male;television;2;phishing;no;low
238;2025-04-07 14:16:45.523;18-25;male;television, tab, others;1;weak password;yes;medium
239;2025-04-07 14:17:00.617;26-44;female;television;1;weak password;yes;medium
240;2025-04-07 14:17:17.754;26-44;male;television, phone, others;1;weak password;yes;medium
242;2025-04-07 14:17:51.095;26-44;female;phone, tab, others;1;weak password;yes;medium
244;2025-04-07 14:18:37.695;18-25;female;phone;2;phishing;no;low
245;2025-04-07 14:19:08.454;18-25;female;television;1;weak password;yes;medium
246;2025-04-07 14:19:33.289;45 and above;female;television;2;phishing;no;low
247;2025-04-07 14:20:00.791;26-44;male;television;2;phishing;no;low
248;2025-04-07 14:20:16.942;18-25;male;phone, tab, others;1;weak password;yes;medium
249;2025-04-07 14:22:55.093;26-44;male;phone;1;weak password;yes;medium
250;2025-04-07 14:23:58.890;below 18;female;phone;2;phishing;no;low
252;2025-04-07 14:27:15.991;18-25;female;computer, television, tab;1;weak password;yes;medium
254;2025-04-07 14:28:35.116;18-25;male;phone, others;2;phishing;no;low
255;2025-04-07 14:29:48.387;18-25;female;computer, phone;2;phishing;no;low
256;2025-04-07 14:44:02.119;18-25;female;computer, phone;2;phishing;no;low
257;2025-04-07 14:49:12.060;18-25;male;computer, television, phone, tab;1;weak password;yes;medium
258;2025-04-07 14:49:27.039;18-25;female;computer, television, phone, tab;2;phishing;no;low
259;2025-04-07 14:53:18.314;18-25;male;computer, phone;1;weak password;yes;medium
260;2025-04-07 14:58:22.982;18-25;female;computer, phone, tab;2;phishing;no;low
261;2025-04-07 15:15:07.652;18-25;male;computer, phone, others;2;phishing;no;low
262;2025-04-07 16:21:28.351;below 18;female;television;1;weak password;yes;medium
263;2025-04-07 16:22:18.862;18-25;male;phone, tab;1;weak password;yes;medium
264;2025-04-07 16:23:02.555;26-44;prefer not to say;television, phone;1;weak password;yes;medium
266;2025-04-07 16:24:34.852;45 and above;male;phone;1;weak password;yes;medium
267;2025-04-07 16:26:11.264;below 18;female;computer, phone, tab;2;phishing;no;low
268;2025-04-07 16:27:00.438;26-44;female;phone;1;weak password;yes;medium
269;2025-04-07 16:28:03.403;18-25;female;phone, tab;1;weak password;yes;medium
270;2025-04-07 16:29:35.565;18-25;male;others;1;weak password;yes;medium
271;2025-04-07 16:31:01.763;26-44;male;phone;2;phishing;no;low
274;2025-04-07 16:34:35.035;26-44;female;television, phone, tab;2;phishing;no;low
275;2025-04-07 16:35:20.834;18-25;prefer not to say;phone, tab;2;phishing;no;low
280;2025-04-07 16:46:43.812;26-44;male;others;1;weak password;yes;medium
281;2025-04-07 16:54:22.885;26-44;prefer not to say;phone, tab;2;phishing;no;low
282;2025-04-07 17:02:54.153;below 18;female;others, phone;1;weak password;yes;medium
283;2025-04-07 17:03:08.854;below 18;male;phone;1;weak password;yes;medium
284;2025-04-07 17:04:01.697;below 18;female;tab, computer;1;weak password;yes;medium
285;2025-04-07 17:04:12.767;45 and above;male;computer, others;2;phishing;no;low
286;2025-04-07 17:04:17.778;45 and above;prefer not to say;tab, television;1;weak password;yes;medium
287;2025-04-07 17:04:22.789;26-44;male;others;1;weak password;yes;medium
288;2025-04-07 17:04:28.702;18-25;prefer not to say;television, computer;2;phishing;no;low
289;2025-04-07 17:04:30.848;26-44;male;computer;1;weak password;yes;medium
292;2025-04-07 17:04:46.108;26-44;prefer not to say;phone;2;phishing;no;low
294;2025-04-07 17:05:19.828;below 18;prefer not to say;television, others;2;phishing;no;low
295;2025-04-07 17:05:24.259;45 and above;prefer not to say;tab;1;weak password;yes;medium
296;2025-04-07 17:05:32.298;45 and above;male;tab;2;phishing;no;low
299;2025-04-07 17:05:44.700;18-25;female;others, phone;1;weak password;yes;medium
300;2025-04-07 17:06:05.746;26-44;male;television, others;1;weak password;yes;medium
303;2025-04-07 17:06:42.968;18-25;prefer not to say;computer;1;weak password;yes;medium
304;2025-04-07 17:06:58.565;below 18;female;phone;2;phishing;no;low
305;2025-04-07 17:07:06.833;45 and above;prefer not to say;others;2;phishing;no;low
306;2025-04-07 17:07:11.231;18-25;prefer not to say;television;2;phishing;no;low
307;2025-04-07 17:07:27.566;45 and above;prefer not to say;computer;1;weak password;yes;medium
310;2025-04-07 17:07:38.493;45 and above;prefer not to say;phone, tab;1;weak password;yes;medium
311;2025-04-07 17:07:53.335;45 and above;prefer not to say;others, television;1;weak password;yes;medium
312;2025-04-07 17:08:22.723;18-25;female;phone;2;phishing;no;low
313;2025-04-07 17:08:31.321;below 18;female;television, tab;1;weak password;yes;medium
314;2025-04-07 17:08:40.531;below 18;female;phone, tab;1;weak password;yes;medium
315;2025-04-07 17:08:42.147;26-44;female;phone;2;phishing;no;low
316;2025-04-07 17:08:43.809;18-25;female;others;2;phishing;no;low
318;2025-04-07 17:08:52.871;below 18;prefer not to say;phone, tab;1;weak password;yes;medium
320;2025-04-07 17:09:01.505;below 18;male;computer;1;weak password;yes;medium
321;2025-04-07 17:09:08.044;18-25;prefer not to say;television, tab;2;phishing;no;low
323;2025-04-07 17:09:13.465;45 and above;prefer not to say;television, others;2;phishing;no;low
326;2025-04-07 17:09:34.256;26-44;prefer not to say;phone, computer;1;weak password;yes;medium
327;2025-04-07 17:09:37.282;18-25;female;phone, television;1;weak password;yes;medium
329;2025-04-07 17:09:56.754;below 18;prefer not to say;phone, computer;2;phishing;no;low
330;2025-04-07 17:10:00.841;26-44;male;others, tab;2;phishing;no;low
332;2025-04-07 17:10:04.043;below 18;female;television, computer;2;phishing;no;low
335;2025-04-07 17:10:32.493;26-44;prefer not to say;television, others;2;phishing;no;low
336;2025-04-07 17:10:35.668;below 18;female;others;2;phishing;no;low
340;2025-04-07 17:10:45.834;18-25;female;television;2;phishing;no;low
341;2025-04-07 17:10:49.502;45 and above;male;television, phone;2;phishing;no;low
342;2025-04-07 17:10:52.744;below 18;female;computer;1;weak password;yes;medium
343;2025-04-07 17:10:55.374;below 18;male;television;1;weak password;yes;medium
345;2025-04-07 17:11:15.991;18-25;prefer not to say;television;1;weak password;yes;medium
346;2025-04-07 17:11:26.243;below 18;female;television;1;weak password;yes;medium
348;2025-04-07 17:11:39.137;18-25;prefer not to say;phone;1;weak password;yes;medium
349;2025-04-07 17:11:41.424;below 18;female;phone, tab;2;phishing;no;low
350;2025-04-07 17:11:43.034;26-44;female;tab;1;weak password;yes;medium
351;2025-04-07 17:11:52.196;26-44;male;television;1;weak password;yes;medium
352;2025-04-07 17:12:01.506;below 18;female;tab, phone;2;phishing;no;low
355;2025-04-07 17:12:17.247;below 18;male;television, others;1;weak password;yes;medium
356;2025-04-07 17:12:23.612;18-25;prefer not to say;tab, computer;2;phishing;no;low
357;2025-04-07 17:12:28.763;26-44;prefer not to say;others;2;phishing;no;low
358;2025-04-07 17:12:32.861;45 and above;male;others, computer;2;phishing;no;low
360;2025-04-07 17:12:39.698;below 18;male;tab, phone;2;phishing;no;low
361;2025-04-07 17:13:12.502;18-25;female;television;2;phishing;no;low
364;2025-04-07 17:13:32.091;below 18;male;others;1;weak password;yes;medium
366;2025-04-07 17:13:36.549;below 18;female;others, tab;1;weak password;yes;medium
367;2025-04-07 17:13:47.180;below 18;female;tab;2;phishing;no;low
368;2025-04-07 17:13:49.978;26-44;male;computer;1;weak password;yes;medium
369;2025-04-07 17:13:52.247;18-25;male;computer, phone;1;weak password;yes;medium
370;2025-04-07 17:13:55.282;18-25;prefer not to say;tab;1;weak password;yes;medium
373;2025-04-07 17:14:02.286;18-25;female;phone, computer;1;weak password;yes;medium
374;2025-04-07 17:14:07.300;26-44;prefer not to say;television;2;phishing;no;low
376;2025-04-07 17:15:32.508;26-44;female;tab, phone;1;weak password;yes;medium
377;2025-04-07 17:15:41.469;below 18;female;others;1;weak password;yes;medium
378;2025-04-07 17:15:51.481;45 and above;prefer not to say;phone;2;phishing;no;low
380;2025-04-07 17:16:16.113;18-25;male;television, others;2;phishing;no;low
382;2025-04-07 17:16:51.778;26-44;male;tab, television;1;weak password;yes;medium
385;2025-04-07 17:17:50.919;45 and above;female;television, phone;2;phishing;no;low
387;2025-04-07 17:18:32.779;26-44;prefer not to say;tab;1;weak password;yes;medium
388;2025-04-07 17:18:43.929;26-44;prefer not to say;phone;2;phishing;no;low
389;2025-04-07 17:18:49.817;26-44;female;tab;2;phishing;no;low
390;2025-04-07 17:18:57.944;26-44;prefer not to say;computer;1;weak password;yes;medium
391;2025-04-07 17:19:02.442;45 and above;male;computer;2;phishing;no;low
392;2025-04-07 17:19:17.136;18-25;female;others;2;phishing;no;low
393;2025-04-07 17:19:20.351;45 and above;female;television;1;weak password;yes;medium
394;2025-04-07 17:19:23.463;26-44;female;computer;2;phishing;no;low
395;2025-04-07 17:19:35.059;below 18;male;computer;1;weak password;yes;medium
398;2025-04-07 17:20:14.154;below 18;female;tab, computer;2;phishing;no;low
400;2025-04-07 17:20:24.482;below 18;female;computer;2;phishing;no;low
401;2025-04-07 17:20:35.454;18-25;male;others, phone;1;weak password;yes;medium
402;2025-04-07 17:20:55.392;below 18;male;others, phone;1;weak password;yes;medium
403;2025-04-07 17:21:07.204;18-25;prefer not to say;television, computer;1;weak password;yes;medium
404;2025-04-07 17:27:07.306;below 18;female;tab, others;2;phishing;no;low
405;2025-04-07 17:27:33.295;26-44;prefer not to say;computer;1;weak password;yes;medium
406;2025-04-07 17:27:37.991;below 18;prefer not to say;television, phone;1;weak password;yes;medium
407;2025-04-07 17:27:42.934;45 and above;prefer not to say;others;1;weak password;yes;medium
408;2025-04-07 17:27:48.787;26-44;female;television;2;phishing;no;low
409;2025-04-07 17:27:54.524;below 18;male;tab, phone;2;phishing;no;low
410;2025-04-07 17:27:57.572;26-44;prefer not to say;tab;2;phishing;no;low
413;2025-04-07 17:28:50.753;18-25;prefer not to say;others, phone;2;phishing;no;low
416;2025-04-07 17:29:08.815;18-25;male;phone, others;1;weak password;yes;medium
417;2025-04-07 17:29:15.730;26-44;prefer not to say;tab, television;1;weak password;yes;medium
418;2025-04-07 17:29:29.542;26-44;female;tab;1;weak password;yes;medium
421;2025-04-07 17:29:46.451;45 and above;female;computer, others;2;phishing;no;low
422;2025-04-07 17:29:50.636;below 18;male;computer, others;2;phishing;no;low
424;2025-04-07 17:29:56.584;45 and above;prefer not to say;tab, others;1;weak password;yes;medium
425;2025-04-07 17:29:58.298;45 and above;prefer not to say;others, television;2;phishing;no;low
426;2025-04-07 17:30:06.822;26-44;female;phone;2;phishing;no;low
429;2025-04-07 17:30:24.128;26-44;prefer not to say;computer;2;phishing;no;low
430;2025-04-07 17:30:28.679;45 and above;female;others, tab;1;weak password;yes;medium
431;2025-04-07 17:30:38.648;45 and above;female;tab;1;weak password;yes;medium
432;2025-04-07 17:30:41.955;45 and above;prefer not to say;tab;2;phishing;no;low
435;2025-04-07 17:30:53.868;45 and above;male;computer;1;weak password;yes;medium
436;2025-04-07 17:31:05.659;below 18;prefer not to say;computer, phone;1;weak password;yes;medium
438;2025-04-07 17:31:20.952;below 18;prefer not to say;television;1;weak password;yes;medium
443;2025-04-07 17:31:50.678;below 18;prefer not to say;television;1;weak password;yes;medium
444;2025-04-07 17:31:56.103;18-25;female;phone, television;1;weak password;yes;medium
445;2025-04-07 17:32:09.084;18-25;female;computer;2;phishing;no;low
446;2025-04-07 17:32:10.826;26-44;prefer not to say;television, phone;2;phishing;no;low
448;2025-04-07 17:32:20.618;45 and above;female;phone, computer;1;weak password;yes;medium
451;2025-04-07 17:32:38.755;below 18;male;phone, computer;1;weak password;yes;medium
452;2025-04-07 17:32:48.382;26-44;male;others, television;1;weak password;yes;medium
460;2025-04-07 17:34:19.923;18-25;prefer not to say;phone;2;phishing;no;low
462;2025-04-07 17:34:32.642;45 and above;male;phone, television;2;phishing;no;low
463;2025-04-07 17:34:34.281;below 18;prefer not to say;computer, tab;1;weak password;yes;medium
465;2025-04-07 17:34:51.236;26-44;female;others, computer;2;phishing;no;low
466;2025-04-07 17:34:54.206;below 18;male;television;1;weak password;yes;medium
468;2025-04-07 17:35:01.824;18-25;male;phone, computer;1;weak password;yes;medium
469;2025-04-07 17:35:04.723;26-44;male;phone;1;weak password;yes;medium
471;2025-04-07 17:35:22.202;45 and above;male;others, television;2;phishing;no;low
472;2025-04-07 17:35:42.619;below 18;female;phone, tab;2;phishing;no;low
473;2025-04-07 17:35:46.762;below 18;prefer not to say;others;1;weak password;yes;medium
474;2025-04-07 17:35:51.326;45 and above;female;others, tab;2;phishing;no;low
475;2025-04-07 17:35:52.822;45 and above;female;phone;2;phishing;no;low
477;2025-04-07 17:36:08.364;below 18;female;television;1;weak password;yes;medium
478;2025-04-07 17:36:11.239;below 18;female;television, others;1;weak password;yes;medium
479;2025-04-07 17:36:14.047;45 and above;prefer not to say;tab, computer;2;phishing;no;low
482;2025-04-07 17:36:30.764;45 and above;male;computer, phone;1;weak password;yes;medium
484;2025-04-07 17:36:36.565;below 18;prefer not to say;television, tab;2;phishing;no;low
485;2025-04-07 17:36:40.867;18-25;female;phone;1;weak password;yes;medium
486;2025-04-07 17:36:42.687;45 and above;female;computer, tab;1;weak password;yes;medium
488;2025-04-07 17:36:50.021;26-44;female;others, television;1;weak password;yes;medium
489;2025-04-07 17:36:58.224;26-44;prefer not to say;phone, others;2;phishing;no;low
491;2025-04-07 17:37:31.008;below 18;prefer not to say;others, phone;2;phishing;no;low
493;2025-04-07 17:37:39.214;26-44;male;others, tab;1;weak password;yes;medium
494;2025-04-07 17:37:46.583;26-44;prefer not to say;computer;2;phishing;no;low
495;2025-04-07 17:37:50.856;45 and above;prefer not to say;phone, television;1;weak password;yes;medium
496;2025-04-07 17:37:55.526;18-25;prefer not to say;television;1;weak password;yes;medium
497;2025-04-07 17:38:05.916;below 18;female;computer;1;weak password;yes;medium
498;2025-04-07 17:38:12.020;18-25;male;television, others;2;phishing;no;low
499;2025-04-07 17:38:14.116;45 and above;male;phone, tab;2;phishing;no;low
500;2025-04-07 17:38:15.623;18-25;female;others;1;weak password;yes;medium
501;2025-04-07 17:38:29.865;26-44;female;others;1;weak password;yes;medium
503;2025-04-07 17:38:39.084;18-25;male;phone, tab;2;phishing;no;low
504;2025-04-07 17:38:48.518;below 18;female;computer;1;weak password;yes;medium
505;2025-04-07 17:39:02.315;26-44;prefer not to say;computer, phone;2;phishing;no;low
509;2025-04-07 17:45:21.021;18-25;male;tab, phone;2;phishing;no;low
511;2025-04-07 17:45:36.056;18-25;prefer not to say;television;2;phishing;no;low
512;2025-04-07 17:45:38.315;18-25;male;phone;2;phishing;no;low
513;2025-04-07 17:45:50.150;below 18;male;others, computer;1;weak password;yes;medium
515;2025-04-07 17:45:57.695;below 18;prefer not to say;phone, computer;2;phishing;no;low
516;2025-04-07 17:46:05.691;18-25;male;phone, others;2;phishing;no;low
517;2025-04-07 17:46:07.919;18-25;female;television;1;weak password;yes;medium
518;2025-04-07 17:46:13.473;45 and above;prefer not to say;television, others;1;weak password;yes;medium
519;2025-04-07 17:46:19.829;below 18;prefer not to say;others, computer;1;weak password;yes;medium
521;2025-04-07 17:46:34.187;45 and above;male;others;2;phishing;no;low
522;2025-04-07 17:46:43.782;45 and above;male;others, phone;1;weak password;yes;medium
524;2025-04-07 17:46:48.062;below 18;female;computer, phone;1;weak password;yes;medium
526;2025-04-07 17:46:57.586;below 18;female;phone, computer;1;weak password;yes;medium
527;2025-04-07 17:47:05.797;45 and above;male;tab, others;1;weak password;yes;medium
529;2025-04-07 17:47:25.290;45 and above;female;tab;1;weak password;yes;medium
530;2025-04-07 17:47:28.171;18-25;prefer not to say;tab;1;weak password;yes;medium
532;2025-04-07 17:47:38.381;18-25;prefer not to say;phone;2;phishing;no;low
534;2025-04-07 17:47:50.207;18-25;prefer not to say;phone, computer;1;weak password;yes;medium
535;2025-04-07 17:47:52.535;18-25;prefer not to say;tab;2;phishing;no;low
538;2025-04-07 17:48:07.363;18-25;male;others, phone;1;weak password;yes;medium
542;2025-04-07 17:48:22.272;18-25;prefer not to say;phone;2;phishing;no;low
544;2025-04-07 17:48:27.449;18-25;male;computer;2;phishing;no;low
545;2025-04-07 17:48:33.037;below 18;female;television;2;phishing;no;low
549;2025-04-07 17:48:55.026;26-44;prefer not to say;phone;1;weak password;yes;medium
550;2025-04-07 17:48:59.714;below 18;male;television, others;1;weak password;yes;medium
551;2025-04-07 17:49:01.176;26-44;prefer not to say;television, others;1;weak password;yes;medium
552;2025-04-07 17:49:06.020;45 and above;male;others;2;phishing;no;low
553;2025-04-07 17:49:07.499;45 and above;female;phone, computer;1;weak password;yes;medium
554;2025-04-07 17:49:17.177;45 and above;male;television;1;weak password;yes;medium
555;2025-04-07 17:49:19.500;45 and above;female;phone, television;2;phishing;no;low
556;2025-04-07 17:49:26.583;below 18;prefer not to say;computer;1;weak password;yes;medium
557;2025-04-07 17:49:28.691;below 18;male;computer, others;1;weak password;yes;medium
558;2025-04-07 17:49:45.375;below 18;female;others, computer;2;phishing;no;low
560;2025-04-07 17:50:00.022;45 and above;male;tab;1;weak password;yes;medium
561;2025-04-07 17:50:05.871;26-44;male;computer, television;1;weak password;yes;medium
562;2025-04-07 17:50:08.774;45 and above;prefer not to say;computer;2;phishing;no;low
563;2025-04-07 17:50:23.832;18-25;female;computer;2;phishing;no;low
564;2025-04-07 17:50:32.236;26-44;female;tab;2;phishing;no;low
566;2025-04-07 17:50:37.938;45 and above;male;television;1;weak password;yes;medium
568;2025-04-07 17:50:53.387;18-25;prefer not to say;phone;2;phishing;no;low
571;2025-04-07 17:52:24.382;45 and above;female;computer;2;phishing;no;low
573;2025-04-07 17:52:38.583;18-25;female;television;2;phishing;no;low
576;2025-04-07 17:52:51.211;45 and above;prefer not to say;television, phone;2;phishing;no;low
577;2025-04-07 17:52:54.159;below 18;female;phone;2;phishing;no;low
578;2025-04-07 17:52:56.453;45 and above;female;television;1;weak password;yes;medium
580;2025-04-07 17:53:02.512;18-25;female;others;2;phishing;no;low
581;2025-04-07 17:53:16.867;below 18;female;tab, television;1;weak password;yes;medium
582;2025-04-07 17:53:27.164;18-25;male;phone;1;weak password;yes;medium
587;2025-04-07 17:53:47.905;26-44;male;tab, phone;2;phishing;no;low
588;2025-04-07 17:53:52.100;26-44;male;tab, phone;2;phishing;no;low
589;2025-04-07 17:53:57.016;26-44;male;television, others;2;phishing;no;low
592;2025-04-07 17:54:11.584;18-25;male;tab;2;phishing;no;low
593;2025-04-07 17:54:21.551;26-44;male;tab, others;1;weak password;yes;medium
595;2025-04-07 17:54:35.563;below 18;female;television;2;phishing;no;low
596;2025-04-07 17:54:44.629;18-25;prefer not to say;television;2;phishing;no;low
598;2025-04-07 17:54:53.888;26-44;female;tab;1;weak password;yes;medium
599;2025-04-07 17:54:58.756;45 and above;female;tab, television;2;phishing;no;low
600;2025-04-07 17:55:06.757;26-44;prefer not to say;others, computer;2;phishing;no;low
602;2025-04-07 17:55:14.867;26-44;prefer not to say;computer, television;2;phishing;no;low
603;2025-04-07 17:55:20.649;18-25;male;computer, others;1;weak password;yes;medium
604;2025-04-07 17:55:26.382;26-44;male;tab;2;phishing;no;low
605;2025-04-07 17:55:29.298;45 and above;female;tab;1;weak password;yes;medium
606;2025-04-07 17:55:33.580;45 and above;prefer not to say;television, phone;2;phishing;no;low
608;2025-04-07 17:55:39.372;18-25;prefer not to say;television;2;phishing;no;low
609;2025-04-07 17:55:46.554;below 18;prefer not to say;television;1;weak password;yes;medium
610;2025-04-07 17:55:54.444;26-44;female;computer, others;1;weak password;yes;medium
612;2025-04-07 17:56:02.831;26-44;male;others;1;weak password;yes;medium
613;2025-04-07 17:56:11.688;45 and above;prefer not to say;others;2;phishing;no;low
615;2025-04-07 17:56:30.846;18-25;prefer not to say;tab;2;phishing;no;low
616;2025-04-07 17:56:34.579;26-44;prefer not to say;tab, others;2;phishing;no;low
617;2025-04-07 17:56:46.829;below 18;male;tab;2;phishing;no;low
618;2025-04-07 17:56:49.229;45 and above;male;television, phone;2;phishing;no;low
619;2025-04-07 17:56:53.586;below 18;female;others, tab;1;weak password;yes;medium
620;2025-04-07 17:57:02.218;18-25;prefer not to say;tab, others;1;weak password;yes;medium
622;2025-04-07 17:57:07.441;below 18;female;tab;1;weak password;yes;medium
623;2025-04-07 17:57:09.009;45 and above;prefer not to say;computer, phone;1;weak password;yes;medium
624;2025-04-07 17:57:23.311;26-44;female;television, tab;1;weak password;yes;medium
625;2025-04-07 17:57:28.317;18-25;female;phone;2;phishing;no;low
629;2025-04-07 17:57:52.160;18-25;prefer not to say;others, phone;1;weak password;yes;medium
632;2025-04-07 17:58:01.661;26-44;male;phone, tab;1;weak password;yes;medium
634;2025-04-07 17:58:09.047;18-25;male;television;1;weak password;yes;medium
636;2025-04-07 17:58:14.259;45 and above;prefer not to say;television;2;phishing;no;low
637;2025-04-07 18:00:38.940;45 and above;prefer not to say;phone;2;phishing;no;low
638;2025-04-07 18:00:50.250;45 and above;male;others, phone;1;weak password;yes;medium
639;2025-04-07 18:00:58.796;below 18;prefer not to say;television;2;phishing;no;low
641;2025-04-07 18:01:21.858;45 and above;female;phone, television;2;phishing;no;low
642;2025-04-07 18:01:32.925;26-44;prefer not to say;others;2;phishing;no;low
644;2025-04-07 18:02:15.934;45 and above;female;television, tab;2;phishing;no;low
648;2025-04-07 18:03:12.452;18-25;prefer not to say;computer, phone;2;phishing;no;low
649;2025-04-07 18:03:27.550;26-44;prefer not to say;phone, television;1;weak password;yes;medium
651;2025-04-07 18:03:35.106;45 and above;female;computer, television;1;weak password;yes;medium
652;2025-04-07 18:04:00.408;18-25;female;tab, computer;2;phishing;no;low
653;2025-04-07 18:04:03.522;18-25;male;others;1;weak password;yes;medium
654;2025-04-07 18:04:11.476;18-25;female;others;2;phishing;no;low
655;2025-04-07 18:04:21.404;18-25;prefer not to say;tab, computer;1;weak password;yes;medium
656;2025-04-07 18:04:41.959;below 18;female;phone, others;1;weak password;yes;medium
657;2025-04-07 18:04:45.033;45 and above;prefer not to say;computer, television;1;weak password;yes;medium
658;2025-04-07 18:05:26.975;18-25;prefer not to say;others;2;phishing;no;low
662;2025-04-07 18:08:38.332;18-25;male;computer, phone;1;weak password;yes;medium
664;2025-04-07 18:08:48.341;below 18;male;others;2;phishing;no;low
666;2025-04-07 18:08:54.642;below 18;female;computer, others;1;weak password;yes;medium
667;2025-04-07 18:08:59.163;below 18;male;phone, others;2;phishing;no;low
668;2025-04-07 18:09:02.285;45 and above;prefer not to say;others, television;2;phishing;no;low
669;2025-04-07 18:09:11.459;26-44;male;computer;2;phishing;no;low
670;2025-04-07 18:09:15.381;26-44;female;television, tab;1;weak password;yes;medium
671;2025-04-07 18:09:18.869;26-44;prefer not to say;phone;1;weak password;yes;medium
672;2025-04-07 18:09:21.249;45 and above;female;computer, phone;2;phishing;no;low
673;2025-04-07 18:09:24.333;26-44;female;others;1;weak password;yes;medium
676;2025-04-07 18:09:38.628;26-44;male;tab;2;phishing;no;low
681;2025-04-07 18:10:13.366;below 18;female;others, phone;1;weak password;yes;medium
682;2025-04-07 18:10:16.962;18-25;prefer not to say;phone, television;1;weak password;yes;medium
684;2025-04-07 18:10:25.971;below 18;female;computer, television;2;phishing;no;low
685;2025-04-07 18:10:28.395;45 and above;female;television;1;weak password;yes;medium
686;2025-04-07 18:10:30.071;45 and above;male;others, phone;2;phishing;no;low
687;2025-04-07 18:10:34.036;18-25;female;television;1;weak password;yes;medium
692;2025-04-07 18:11:01.488;45 and above;female;computer, television;2;phishing;no;low
694;2025-04-07 18:11:15.046;26-44;male;television, computer;2;phishing;no;low
695;2025-04-07 18:11:19.968;below 18;female;tab, phone;1;weak password;yes;medium
697;2025-04-07 18:11:44.136;below 18;male;computer;1;weak password;yes;medium
698;2025-04-07 18:11:50.747;45 and above;prefer not to say;phone, computer;2;phishing;no;low
699;2025-04-07 18:12:02.075;45 and above;prefer not to say;television;1;weak password;yes;medium
700;2025-04-07 18:12:06.572;45 and above;prefer not to say;phone, computer;2;phishing;no;low
702;2025-04-07 18:12:23.580;below 18;male;computer, television;1;weak password;yes;medium
705;2025-04-07 18:13:17.492;below 18;prefer not to say;tab;1;weak password;yes;medium
706;2025-04-07 18:13:43.220;45 and above;prefer not to say;computer;2;phishing;no;low
707;2025-04-07 18:13:51.119;26-44;male;tab;1;weak password;yes;medium
708;2025-04-07 18:13:55.768;18-25;female;computer, tab;2;phishing;no;low
709;2025-04-07 18:13:59.600;below 18;prefer not to say;computer, television;2;phishing;no;low
710;2025-04-07 18:14:05.885;26-44;prefer not to say;computer;1;weak password;yes;medium
711;2025-04-07 18:14:09.162;18-25;male;tab;2;phishing;no;low
712;2025-04-07 18:14:10.891;26-44;female;others, phone;2;phishing;no;low
715;2025-04-07 18:14:26.883;45 and above;male;others, television;1;weak password;yes;medium
716;2025-04-07 18:14:32.205;below 18;female;others;1;weak password;yes;medium
717;2025-04-07 18:14:34.592;26-44;prefer not to say;tab, television;1;weak password;yes;medium
718;2025-04-07 18:15:44.645;45 and above;female;phone, others;1;weak password;yes;medium
719;2025-04-07 18:15:49.832;18-25;prefer not to say;others, tab;1;weak password;yes;medium
720;2025-04-07 18:15:54.643;below 18;female;tab;2;phishing;no;low
721;2025-04-07 18:15:56.289;below 18;female;others;1;weak password;yes;medium
722;2025-04-07 18:15:58.713;below 18;prefer not to say;tab, computer;2;phishing;no;low
725;2025-04-07 18:16:11.428;below 18;prefer not to say;television, others;2;phishing;no;low
728;2025-04-07 18:16:17.193;18-25;female;others, phone;1;weak password;yes;medium
730;2025-04-07 18:16:33.655;45 and above;female;television, tab;2;phishing;no;low
731;2025-04-07 18:16:41.933;26-44;prefer not to say;phone, television;1;weak password;yes;medium
732;2025-04-07 18:16:52.805;26-44;prefer not to say;computer;2;phishing;no;low
735;2025-04-07 18:17:17.123;45 and above;female;tab;2;phishing;no;low
736;2025-04-07 18:17:18.810;26-44;female;tab;2;phishing;no;low
738;2025-04-07 18:17:28.071;18-25;female;phone;2;phishing;no;low
739;2025-04-07 18:17:31.943;below 18;male;television;2;phishing;no;low
740;2025-04-07 18:17:38.004;45 and above;male;phone;2;phishing;no;low
742;2025-04-07 18:17:55.267;45 and above;male;others;1;weak password;yes;medium
744;2025-04-07 18:18:07.303;45 and above;prefer not to say;phone;2;phishing;no;low
745;2025-04-07 18:18:09.778;26-44;female;tab, television;2;phishing;no;low
747;2025-04-07 18:18:26.725;18-25;prefer not to say;tab, computer;2;phishing;no;low
748;2025-04-07 18:18:30.642;below 18;male;television, phone;2;phishing;no;low
749;2025-04-07 18:18:32.350;26-44;prefer not to say;phone, television;2;phishing;no;low
750;2025-04-07 18:18:35.445;26-44;prefer not to say;tab;1;weak password;yes;medium
754;2025-04-07 18:18:53.164;below 18;female;tab;1;weak password;yes;medium
756;2025-04-07 18:18:58.732;26-44;male;tab, television;2;phishing;no;low
758;2025-04-07 18:19:06.448;45 and above;prefer not to say;others, computer;2;phishing;no;low
760;2025-04-07 18:19:18.261;45 and above;prefer not to say;computer;2;phishing;no;low
762;2025-04-07 18:19:26.888;below 18;male;phone;2;phishing;no;low
763;2025-04-07 18:19:29.884;18-25;female;others;1;weak password;yes;medium
764;2025-04-07 18:19:38.739;26-44;prefer not to say;computer, phone;1;weak password;yes;medium
765;2025-04-07 18:19:42.858;45 and above;female;tab;1;weak password;yes;medium
766;2025-04-07 18:19:45.502;45 and above;prefer not to say;television, tab;1;weak password;yes;medium
767;2025-04-07 18:19:47.887;18-25;female;phone;2;phishing;no;low
768;2025-04-07 18:19:51.942;18-25;female;others, tab;2;phishing;no;low
770;2025-04-07 18:20:00.867;below 18;prefer not to say;phone, computer;2;phishing;no;low
772;2025-04-07 18:20:30.362;45 and above;female;computer;2;phishing;no;low
773;2025-04-07 18:20:32.766;45 and above;male;others;1;weak password;yes;medium
774;2025-04-07 18:20:34.503;below 18;female;tab, others;2;phishing;no;low
776;2025-04-07 18:20:44.847;below 18;prefer not to say;phone;1;weak password;yes;medium
777;2025-04-07 18:20:49.813;45 and above;male;television;2;phishing;no;low
780;2025-04-07 18:21:07.928;26-44;female;computer, tab;2;phishing;no;low
782;2025-04-07 18:21:12.849;45 and above;male;television;1;weak password;yes;medium
786;2025-04-07 18:23:54.861;18-25;female;television;1;weak password;yes;medium
787;2025-04-07 18:23:59.028;below 18;prefer not to say;computer;2;phishing;no;low
788;2025-04-07 18:24:00.603;18-25;prefer not to say;phone, computer;2;phishing;no;low
790;2025-04-07 18:24:04.872;18-25;female;tab, television;2;phishing;no;low
791;2025-04-07 18:24:14.193;45 and above;female;television, others;1;weak password;yes;medium
793;2025-04-07 18:24:20.167;below 18;prefer not to say;phone, others;1;weak password;yes;medium
795;2025-04-07 18:24:34.619;45 and above;prefer not to say;phone, tab;2;phishing;no;low
796;2025-04-07 18:24:51.035;18-25;male;computer, television;1;weak password;yes;medium
797;2025-04-07 18:24:52.613;18-25;female;tab;2;phishing;no;low
798;2025-04-07 18:24:56.417;45 and above;prefer not to say;others, television;1;weak password;yes;medium
799;2025-04-07 18:24:59.485;26-44;male;phone, television;1;weak password;yes;medium
800;2025-04-07 18:25:04.403;26-44;male;tab, computer;2;phishing;no;low
801;2025-04-07 18:25:09.702;45 and above;male;phone, computer;2;phishing;no;low
803;2025-04-07 18:25:30.447;45 and above;prefer not to say;phone;2;phishing;no;low
804;2025-04-07 18:25:32.007;below 18;male;tab, phone;1;weak password;yes;medium
805;2025-04-07 18:25:35.724;18-25;male;phone, television;2;phishing;no;low
807;2025-04-07 18:25:48.793;below 18;prefer not to say;others, computer;2;phishing;no;low
808;2025-04-07 18:25:51.800;18-25;male;tab;1;weak password;yes;medium
810;2025-04-07 18:26:08.117;18-25;male;computer, television;1;weak password;yes;medium
811;2025-04-07 18:26:13.999;18-25;female;television;1;weak password;yes;medium
812;2025-04-07 18:26:21.311;18-25;prefer not to say;television, tab;2;phishing;no;low
815;2025-04-07 18:26:28.081;26-44;female;television;1;weak password;yes;medium
816;2025-04-07 18:26:31.017;18-25;male;phone;1;weak password;yes;medium
818;2025-04-07 18:26:50.985;below 18;prefer not to say;computer, others;2;phishing;no;low
819;2025-04-07 18:26:53.939;45 and above;prefer not to say;television;1;weak password;yes;medium
820;2025-04-07 18:26:55.601;below 18;female;television, phone;1;weak password;yes;medium
821;2025-04-07 18:26:58.504;45 and above;male;computer, tab;2;phishing;no;low
823;2025-04-07 18:27:07.654;below 18;prefer not to say;computer;1;weak password;yes;medium
824;2025-04-07 18:27:10.644;below 18;male;others, phone;1;weak password;yes;medium
825;2025-04-07 18:27:13.589;45 and above;male;others, tab;1;weak password;yes;medium
827;2025-04-07 18:27:17.564;45 and above;prefer not to say;tab;1;weak password;yes;medium
829;2025-04-07 18:27:36.252;26-44;female;phone, television;1;weak password;yes;medium
831;2025-04-07 18:27:41.632;18-25;male;others;1;weak password;yes;medium
832;2025-04-07 18:27:46.205;45 and above;prefer not to say;phone;1;weak password;yes;medium
833;2025-04-07 18:27:48.478;18-25;female;phone, television;2;phishing;no;low
836;2025-04-07 18:28:05.045;26-44;male;computer, phone;2;phishing;no;low
837;2025-04-07 18:28:15.124;45 and above;female;others, tab;1;weak password;yes;medium
838;2025-04-07 18:28:25.051;26-44;male;others, television;2;phishing;no;low
839;2025-04-07 18:28:27.979;18-25;prefer not to say;others;2;phishing;no;low
841;2025-04-07 18:28:34.334;18-25;male;tab;2;phishing;no;low
842;2025-04-07 18:28:36.624;18-25;prefer not to say;television, others;1;weak password;yes;medium
843;2025-04-07 18:28:42.909;18-25;prefer not to say;television;2;phishing;no;low
844;2025-04-07 18:28:51.736;26-44;male;others;1;weak password;yes;medium
845;2025-04-07 18:28:58.418;18-25;prefer not to say;phone, tab;1;weak password;yes;medium
850;2025-04-07 18:29:17.996;18-25;prefer not to say;computer, television;2;phishing;no;low
851;2025-04-07 18:29:19.775;26-44;prefer not to say;computer, television;1;weak password;yes;medium
855;2025-04-07 18:29:38.238;26-44;prefer not to say;tab, television;2;phishing;no;low
856;2025-04-07 18:29:39.822;45 and above;prefer not to say;computer, phone;1;weak password;yes;medium
857;2025-04-07 18:29:46.803;18-25;male;computer, television;2;phishing;no;low
859;2025-04-07 18:30:20.754;26-44;male;television;2;phishing;no;low
861;2025-04-07 18:30:45.137;below 18;female;television, others;2;phishing;no;low
862;2025-04-07 18:30:51.320;below 18;female;others, computer;2;phishing;no;low
864;2025-04-07 18:30:57.803;18-25;male;others, phone;2;phishing;no;low
866;2025-04-07 18:31:04.928;26-44;prefer not to say;computer, others;1;weak password;yes;medium
867;2025-04-07 18:31:07.843;45 and above;prefer not to say;television, computer;2;phishing;no;low
868;2025-04-07 18:31:11.389;below 18;male;computer, tab;1;weak password;yes;medium
872;2025-04-07 18:31:44.004;below 18;male;others;1;weak password;yes;medium
874;2025-04-07 18:31:56.036;45 and above;male;television, phone;1;weak password;yes;medium
875;2025-04-07 18:31:58.748;26-44;male;others, television;2;phishing;no;low
876;2025-04-07 18:32:02.296;below 18;male;others, computer;2;phishing;no;low
878;2025-04-07 18:32:07.709;45 and above;prefer not to say;tab, others;1;weak password;yes;medium
879;2025-04-07 18:32:10.554;45 and above;male;phone, computer;1;weak password;yes;medium
880;2025-04-07 18:32:16.128;18-25;prefer not to say;computer, tab;2;phishing;no;low
881;2025-04-07 18:32:18.094;45 and above;male;computer;1;weak password;yes;medium
882;2025-04-07 18:32:20.024;below 18;male;tab;2;phishing;no;low
884;2025-04-07 18:32:23.894;45 and above;male;computer;1;weak password;yes;medium
885;2025-04-07 18:32:31.098;45 and above;male;tab, others;1;weak password;yes;medium
886;2025-04-07 18:32:39.130;18-25;prefer not to say;computer;1;weak password;yes;medium
888;2025-04-07 18:32:50.025;18-25;prefer not to say;television, phone;2;phishing;no;low
889;2025-04-07 18:32:58.485;18-25;male;computer, others;1;weak password;yes;medium
890;2025-04-07 18:33:02.079;26-44;prefer not to say;tab;1;weak password;yes;medium
891;2025-04-07 18:33:07.734;26-44;prefer not to say;others;2;phishing;no;low
892;2025-04-07 18:33:12.673;below 18;female;television;2;phishing;no;low
893;2025-04-07 18:33:16.223;below 18;female;computer;2;phishing;no;low
894;2025-04-07 18:33:19.919;18-25;female;television;1;weak password;yes;medium
896;2025-04-07 18:33:29.168;below 18;female;others, phone;1;weak password;yes;medium
897;2025-04-07 18:33:38.712;below 18;female;others, phone;1;weak password;yes;medium
900;2025-04-07 18:34:09.234;26-44;female;television, others;1;weak password;yes;medium
901;2025-04-07 18:34:16.879;below 18;male;others, tab;1;weak password;yes;medium
902;2025-04-07 18:34:21.406;26-44;female;phone;1;weak password;yes;medium
903;2025-04-07 18:34:24.215;below 18;male;television;1;weak password;yes;medium
904;2025-04-07 18:34:24.000;26-44;female;phone, others;1;weak password;yes;medium
907;2025-04-07 18:34:46.768;45 and above;male;others, television;2;phishing;no;low
911;2025-04-07 18:35:10.719;26-44;male;phone, tab;1;weak password;yes;medium
912;2025-04-07 18:35:12.325;below 18;male;tab;1;weak password;yes;medium
913;2025-04-07 18:35:14.248;18-25;female;others;2;phishing;no;low
914;2025-04-07 18:35:24.262;45 and above;male;computer, phone;2;phishing;no;low
915;2025-04-07 18:35:38.472;26-44;female;others, television;1;weak password;yes;medium
918;2025-04-07 18:35:56.984;18-25;female;phone, others;1;weak password;yes;medium
920;2025-04-07 18:36:20.746;below 18;female;others;1;weak password;yes;medium
921;2025-04-07 18:36:39.046;26-44;prefer not to say;phone;1;weak password;yes;medium
923;2025-04-07 18:36:51.697;below 18;male;others;2;phishing;no;low
924;2025-04-07 18:36:56.331;26-44;prefer not to say;phone, others;1;weak password;yes;medium
925;2025-04-07 18:37:01.991;45 and above;prefer not to say;phone;2;phishing;no;low
927;2025-04-07 18:37:22.315;45 and above;male;phone;1;weak password;yes;medium
928;2025-04-07 18:37:26.710;18-25;male;computer;2;phishing;no;low
929;2025-04-07 18:37:28.347;45 and above;female;phone, computer;2;phishing;no;low
930;2025-04-07 18:37:29.989;18-25;male;tab;2;phishing;no;low
931;2025-04-07 18:37:37.371;26-44;female;phone;1;weak password;yes;medium
932;2025-04-07 18:37:38.891;45 and above;male;tab, television;2;phishing;no;low
934;2025-04-07 18:37:46.803;18-25;prefer not to say;television;2;phishing;no;low
935;2025-04-07 18:37:50.764;18-25;female;phone, television;1;weak password;yes;medium
936;2025-04-07 18:37:55.289;18-25;male;tab, computer;1;weak password;yes;medium
937;2025-04-07 18:38:07.356;below 18;female;computer;1;weak password;yes;medium
938;2025-04-07 18:38:10.993;26-44;female;phone;1;weak password;yes;medium
939;2025-04-07 18:38:17.564;18-25;male;tab, phone;1;weak password;yes;medium
940;2025-04-07 18:38:19.208;26-44;male;tab;2;phishing;no;low
941;2025-04-07 18:38:22.799;below 18;female;others, computer;1;weak password;yes;medium
942;2025-04-07 18:38:27.259;26-44;female;tab;2;phishing;no;low
943;2025-04-07 18:38:28.945;45 and above;female;phone, television;2;phishing;no;low
945;2025-04-07 18:38:44.313;26-44;male;phone, others;1;weak password;yes;medium
946;2025-04-07 18:38:45.065;18-25;prefer not to say;television, phone;1;weak password;yes;medium
947;2025-04-07 18:38:46.649;26-44;prefer not to say;computer, tab;2;phishing;no;low
948;2025-04-07 18:38:53.527;below 18;male;tab;2;phishing;no;low
950;2025-04-07 18:39:00.756;26-44;prefer not to say;television;1;weak password;yes;medium
952;2025-04-07 18:39:12.531;45 and above;male;others, tab;2;phishing;no;low
954;2025-04-07 18:39:24.631;45 and above;female;others, phone;1;weak password;yes;medium
958;2025-04-07 18:39:34.881;18-25;prefer not to say;others;1;weak password;yes;medium
959;2025-04-07 18:39:37.497;45 and above;female;computer;1;weak password;yes;medium
960;2025-04-07 18:39:39.174;45 and above;male;tab;1;weak password;yes;medium
961;2025-04-07 18:39:40.892;18-25;female;computer, phone;1;weak password;yes;medium
962;2025-04-07 18:39:43.238;26-44;female;tab;2;phishing;no;low
965;2025-04-07 18:39:49.937;18-25;female;phone;2;phishing;no;low
967;2025-04-07 18:39:58.978;26-44;prefer not to say;phone, tab;2;phishing;no;low
968;2025-04-07 18:40:02.170;18-25;prefer not to say;others, television;2;phishing;no;low
969;2025-04-07 18:40:06.876;26-44;prefer not to say;television;2;phishing;no;low
970;2025-04-07 18:40:07.534;18-25;female;television;2;phishing;no;low
971;2025-04-07 18:40:08.608;18-25;male;others, computer;1;weak password;yes;medium
974;2025-04-07 18:40:22.935;45 and above;male;tab;2;phishing;no;low
975;2025-04-07 18:40:25.102;below 18;male;others;1;weak password;yes;medium
977;2025-04-07 18:40:30.729;45 and above;male;phone;2;phishing;no;low
981;2025-04-07 18:40:47.229;26-44;prefer not to say;phone;2;phishing;no;low
982;2025-04-07 18:40:48.859;26-44;prefer not to say;phone, computer;1;weak password;yes;medium
983;2025-04-07 18:40:57.618;18-25;female;phone, tab;2;phishing;no;low
984;2025-04-07 18:40:59.539;26-44;prefer not to say;computer;2;phishing;no;low
985;2025-04-07 18:41:01.267;18-25;female;television, others;2;phishing;no;low
987;2025-04-07 18:41:10.897;26-44;female;phone, television;1;weak password;yes;medium
988;2025-04-07 18:41:13.461;below 18;female;tab, others;1;weak password;yes;medium
989;2025-04-07 18:41:14.947;18-25;female;others;2;phishing;no;low
990;2025-04-07 18:41:16.080;18-25;prefer not to say;tab;1;weak password;yes;medium
992;2025-04-07 18:41:22.888;18-25;female;others;1;weak password;yes;medium
993;2025-04-07 18:41:26.785;18-25;prefer not to say;phone, tab;2;phishing;no;low
994;2025-04-07 18:41:30.038;below 18;female;television;2;phishing;no;low
996;2025-04-07 18:41:34.913;26-44;prefer not to say;tab, computer;2;phishing;no;low
997;2025-04-07 18:41:36.430;45 and above;prefer not to say;computer;2;phishing;no;low
999;2025-04-07 18:41:40.459;below 18;prefer not to say;computer, others;2;phishing;no;low
1000;2025-04-07 18:41:47.426;45 and above;prefer not to say;phone, others;1;weak password;yes;medium
1001;2025-04-07 18:41:50.739;45 and above;prefer not to say;television, phone;1;weak password;yes;medium
1002;2025-04-07 18:41:54.333;18-25;female;television;1;weak password;yes;medium
1004;2025-04-07 18:42:02.267;18-25;prefer not to say;phone, tab;1;weak password;yes;medium
1005;2025-04-07 18:42:04.412;below 18;prefer not to say;computer;1;weak password;yes;medium
1006;2025-04-07 18:42:05.025;45 and above;female;tab;2;phishing;no;low
1009;2025-04-07 18:42:14.638;45 and above;male;others, phone;1;weak password;yes;medium
1011;2025-04-07 18:42:45.998;26-44;male;television, phone;1;weak password;yes;medium
1012;2025-04-07 18:42:49.704;below 18;male;computer, phone;2;phishing;no;low
1013;2025-04-07 18:42:53.497;26-44;male;tab;1;weak password;yes;medium
1016;2025-04-07 18:43:15.365;below 18;prefer not to say;computer;1;weak password;yes;medium
1017;2025-04-07 18:43:20.619;18-25;prefer not to say;television;1;weak password;yes;medium
1018;2025-04-07 18:43:25.891;18-25;prefer not to say;tab;2;phishing;no;low
1020;2025-04-07 18:43:33.136;18-25;prefer not to say;television, phone;1;weak password;yes;medium
1021;2025-04-07 18:43:42.570;18-25;prefer not to say;others, television;2;phishing;no;low
1023;2025-04-07 18:44:27.424;26-44;female;others, tab;2;phishing;no;low
1027;2025-04-07 18:44:44.564;below 18;prefer not to say;phone;1;weak password;yes;medium
1028;2025-04-07 18:44:50.880;below 18;prefer not to say;tab, television;2;phishing;no;low
1031;2025-04-07 18:45:08.412;below 18;prefer not to say;others;1;weak password;yes;medium
1032;2025-04-07 18:45:12.666;45 and above;female;phone, computer;2;phishing;no;low
1033;2025-04-07 18:45:18.911;below 18;male;computer, phone;2;phishing;no;low
1034;2025-04-07 18:45:21.658;18-25;female;phone, tab;2;phishing;no;low
1036;2025-04-07 18:46:24.439;45 and above;female;computer, others;1;weak password;yes;medium
1038;2025-04-07 18:46:33.526;below 18;male;tab, phone;1;weak password;yes;medium
1039;2025-04-07 18:46:47.589;45 and above;prefer not to say;phone, computer;1;weak password;yes;medium
1040;2025-04-07 18:46:53.354;below 18;male;tab;1;weak password;yes;medium
1043;2025-04-07 18:47:09.152;45 and above;prefer not to say;television;1;weak password;yes;medium
1046;2025-04-07 18:47:55.353;18-25;female;phone;2;phishing;no;low
1048;2025-04-07 18:48:16.793;26-44;male;television, others;1;weak password;yes;medium
1049;2025-04-07 18:48:22.346;18-25;prefer not to say;others;2;phishing;no;low
1050;2025-04-07 18:48:54.379;45 and above;female;others;1;weak password;yes;medium
1051;2025-04-07 18:49:01.383;below 18;female;tab, computer;2;phishing;no;low
1052;2025-04-07 18:49:09.803;below 18;male;computer;2;phishing;no;low
1053;2025-04-07 18:49:12.942;18-25;male;computer;1;weak password;yes;medium
1055;2025-04-07 18:49:35.178;below 18;male;computer, tab;2;phishing;no;low
1056;2025-04-07 18:49:50.122;26-44;male;others;1;weak password;yes;medium
1058;2025-04-07 18:50:04.125;below 18;prefer not to say;others, phone;2;phishing;no;low
1059;2025-04-07 18:50:21.916;45 and above;male;others;1;weak password;yes;medium
1060;2025-04-07 18:50:28.995;below 18;male;television;2;phishing;no;low
1062;2025-04-07 18:50:41.706;45 and above;prefer not to say;television;2;phishing;no;low
1063;2025-04-07 18:50:48.886;below 18;male;television, tab;2;phishing;no;low
1064;2025-04-07 18:50:57.363;18-25;female;phone, others;1;weak password;yes;medium
1065;2025-04-07 18:50:57.363;18-25;female;phone, others;1;weak password;yes;medium
1066;2025-04-07 18:50:57.363;18-25;female;phone, others;1;weak password;yes;medium
1067;2025-04-07 18:50:57.363;18-25;female;phone, others;1;weak password;yes;medium
1068;2025-04-07 18:50:57.363;18-25;female;phone, others;1;weak password;yes;medium
